browser_log,flow_id,decision,risk_score,rule_score,model_score,context_score,rules_triggered
logs\real_human\20260210_perf001_flow_20260210_0e4z5x_success.json,flow_20260210_0e4z5x,allow,0.05809346,0.00000000,0.14523364,0.00000000,
logs\real_human\20260210_perf001_flow_20260210_0o2rqx_success.json,flow_20260210_0o2rqx,allow,0.14441478,0.00000000,0.36103696,0.00000000,
logs\real_human\20260210_perf001_flow_20260210_1sgneo_success.json,flow_20260210_1sgneo,allow,0.04771563,0.00000000,0.11928908,0.00000000,
logs\real_human\20260210_perf001_flow_20260210_2x0v76_success.json,flow_20260210_2x0v76,allow,0.03633159,0.00000000,0.09082897,0.00000000,
logs\real_human\20260210_perf001_flow_20260210_34wn0x_success.json,flow_20260210_34wn0x,allow,0.11536726,0.00000000,0.28841814,0.00000000,
logs\real_human\20260210_perf001_flow_20260210_4j5b7p_success.json,flow_20260210_4j5b7p,allow,0.12717097,0.00000000,0.31792741,0.00000000,
logs\real_human\20260210_perf001_flow_20260210_4pohkr_success.json,flow_20260210_4pohkr,allow,0.03448871,0.00000000,0.08622178,0.00000000,
logs\real_human\20260210_perf001_flow_20260210_57dyjr_success.json,flow_20260210_57dyjr,allow,0.03351664,0.00000000,0.08379160,0.00000000,
logs\real_human\20260210_perf001_flow_20260210_6nfa1v_success.json,flow_20260210_6nfa1v,allow,0.02828487,0.00000000,0.07071218,0.00000000,
logs\real_human\20260210_perf001_flow_20260210_6z82zx_success.json,flow_20260210_6z82zx,allow,0.06681954,0.00000000,0.16704884,0.00000000,
logs\real_human\20260210_perf001_flow_20260210_80fmwb_success.json,flow_20260210_80fmwb,allow,0.06280120,0.00000000,0.15700299,0.00000000,
logs\real_human\20260210_perf001_flow_20260210_8woo31_success.json,flow_20260210_8woo31,allow,0.03978321,0.00000000,0.09945803,0.00000000,
logs\real_human\20260210_perf001_flow_20260210_akjqt8_success.json,flow_20260210_akjqt8,allow,0.04324519,0.00000000,0.10811296,0.00000000,
logs\real_human\20260210_perf001_flow_20260210_bquord_success.json,flow_20260210_bquord,allow,0.01431158,0.00000000,0.03577895,0.00000000,
logs\real_human\20260210_perf001_flow_20260210_bsgvpj_success.json,flow_20260210_bsgvpj,allow,0.01597097,0.00000000,0.03992743,0.00000000,
logs\real_human\20260210_perf001_flow_20260210_cl6l4q_success.json,flow_20260210_cl6l4q,allow,0.04510258,0.00000000,0.11275645,0.00000000,
logs\real_human\20260210_perf001_flow_20260210_cnib57_success.json,flow_20260210_cnib57,allow,0.06072564,0.00000000,0.15181409,0.00000000,
logs\real_human\20260210_perf001_flow_20260210_crx007_success.json,flow_20260210_crx007,allow,0.04051718,0.00000000,0.10129294,0.00000000,
logs\real_human\20260210_perf001_flow_20260210_d9yezp_success.json,flow_20260210_d9yezp,allow,0.06726283,0.00000000,0.16815708,0.00000000,
logs\real_human\20260210_perf001_flow_20260210_dh7gwk_success.json,flow_20260210_dh7gwk,allow,0.01311358,0.00000000,0.03278394,0.00000000,
logs\real_human\20260210_perf001_flow_20260210_gzupxk_success.json,flow_20260210_gzupxk,allow,0.01912404,0.00000000,0.04781011,0.00000000,
logs\real_human\20260210_perf001_flow_20260210_h6vor9_success.json,flow_20260210_h6vor9,allow,0.03101080,0.00000000,0.07752701,0.00000000,
logs\real_human\20260210_perf001_flow_20260210_hjavp9_success.json,flow_20260210_hjavp9,allow,0.09797404,0.00000000,0.24493511,0.00000000,
logs\real_human\20260210_perf001_flow_20260210_ikkr3o_success.json,flow_20260210_ikkr3o,allow,0.04759472,0.00000000,0.11898679,0.00000000,
logs\real_human\20260210_perf001_flow_20260210_knlwqq_success.json,flow_20260210_knlwqq,allow,0.05068694,0.00000000,0.12671735,0.00000000,
logs\real_human\20260210_perf001_flow_20260210_kywyq6_success.json,flow_20260210_kywyq6,allow,0.09160790,0.00000000,0.22901974,0.00000000,
logs\real_human\20260210_perf001_flow_20260210_l3lp4t_success.json,flow_20260210_l3lp4t,allow,0.00080192,0.00000000,0.00200480,0.00000000,
logs\real_human\20260210_perf001_flow_20260210_lro9k0_success.json,flow_20260210_lro9k0,allow,0.03300501,0.00000000,0.08251253,0.00000000,
logs\real_human\20260210_perf001_flow_20260210_m027nf_success.json,flow_20260210_m027nf,allow,0.02729627,0.00000000,0.06824069,0.00000000,
logs\real_human\20260210_perf001_flow_20260210_m3jp4g_success.json,flow_20260210_m3jp4g,allow,0.03564623,0.00000000,0.08911557,0.00000000,
logs\real_human\20260210_perf001_flow_20260210_mbyguu_success.json,flow_20260210_mbyguu,allow,0.05748297,0.00000000,0.14370743,0.00000000,
logs\real_human\20260210_perf001_flow_20260210_muwwbq_success.json,flow_20260210_muwwbq,allow,0.06989931,0.00000000,0.17474827,0.00000000,
logs\real_human\20260210_perf001_flow_20260210_myp1ct_success.json,flow_20260210_myp1ct,allow,0.06496789,0.00000000,0.16241972,0.00000000,
logs\real_human\20260210_perf001_flow_20260210_oa3lul_success.json,flow_20260210_oa3lul,allow,0.03688528,0.00000000,0.09221321,0.00000000,
logs\real_human\20260210_perf001_flow_20260210_oxv6n5_success.json,flow_20260210_oxv6n5,allow,0.02408484,0.00000000,0.06021210,0.00000000,
logs\real_human\20260210_perf001_flow_20260210_pf0f3f_success.json,flow_20260210_pf0f3f,allow,0.03640017,0.00000000,0.09100043,0.00000000,
logs\real_human\20260210_perf001_flow_20260210_qkvirm_success.json,flow_20260210_qkvirm,allow,0.01081670,0.00000000,0.02704176,0.00000000,
logs\real_human\20260210_perf001_flow_20260210_rcsype_success.json,flow_20260210_rcsype,allow,0.06411076,0.00000000,0.16027689,0.00000000,
logs\real_human\20260210_perf001_flow_20260210_rslu6s_success.json,flow_20260210_rslu6s,allow,0.07144501,0.00000000,0.17861253,0.00000000,
logs\real_human\20260210_perf001_flow_20260210_snby2b_success.json,flow_20260210_snby2b,allow,0.01556327,0.00000000,0.03890818,0.00000000,
logs\real_human\20260210_perf001_flow_20260210_tf6ugm_success.json,flow_20260210_tf6ugm,allow,0.03725561,0.00000000,0.09313903,0.00000000,
logs\real_human\20260210_perf001_flow_20260210_tqz233_success.json,flow_20260210_tqz233,allow,0.02728939,0.00000000,0.06822346,0.00000000,
logs\real_human\20260210_perf001_flow_20260210_tsjjii_success.json,flow_20260210_tsjjii,allow,0.01796650,0.00000000,0.04491624,0.00000000,
logs\real_human\20260210_perf001_flow_20260210_tw2i0y_success.json,flow_20260210_tw2i0y,allow,0.02226214,0.00000000,0.05565536,0.00000000,
logs\real_human\20260210_perf001_flow_20260210_tw8cll_success.json,flow_20260210_tw8cll,allow,0.05103516,0.00000000,0.12758790,0.00000000,
logs\real_human\20260210_perf001_flow_20260210_w3hwqm_success.json,flow_20260210_w3hwqm,allow,0.00899974,0.00000000,0.02249934,0.00000000,
logs\real_human\20260210_perf001_flow_20260210_wj1kha_success.json,flow_20260210_wj1kha,allow,0.05052606,0.00000000,0.12631515,0.00000000,
logs\real_human\20260210_perf001_flow_20260210_x44wxx_success.json,flow_20260210_x44wxx,allow,0.02976336,0.00000000,0.07440840,0.00000000,
logs\real_human\20260210_perf001_flow_20260210_xmeqrc_success.json,flow_20260210_xmeqrc,allow,0.06614811,0.00000000,0.16537028,0.00000000,
logs\real_human\20260210_perf001_flow_20260210_y4any5_success.json,flow_20260210_y4any5,allow,0.05740230,0.00000000,0.14350575,0.00000000,
logs\real_human\20260210_perf001_flow_20260210_y82qur_success.json,flow_20260210_y82qur,allow,0.03722657,0.00000000,0.09306642,0.00000000,
logs\real_human\20260210_perf001_flow_20260210_yayrx8_success.json,flow_20260210_yayrx8,allow,0.01341017,0.00000000,0.03352543,0.00000000,
logs\real_human\20260210_perf001_flow_20260210_yp6sgt_success.json,flow_20260210_yp6sgt,allow,0.13154651,0.00000000,0.32886627,0.00000000,
logs\real_human\20260210_perf001_flow_20260210_yrm6ma_success.json,flow_20260210_yrm6ma,allow,0.06711628,0.00000000,0.16779070,0.00000000,
logs\real_human\20260210_perf001_flow_20260210_z5omib_success.json,flow_20260210_z5omib,allow,0.00501951,0.00000000,0.01254878,0.00000000,
logs\real_human\20260210_perf002_flow_20260210_0dfosl_success.json,flow_20260210_0dfosl,allow,0.05218557,0.00000000,0.13046392,0.00000000,
logs\real_human\20260210_perf002_flow_20260210_0hrasf_success.json,flow_20260210_0hrasf,allow,0.04857583,0.00000000,0.12143958,0.00000000,
logs\real_human\20260210_perf002_flow_20260210_1nkq4i_success.json,flow_20260210_1nkq4i,allow,0.03136628,0.00000000,0.07841569,0.00000000,
logs\real_human\20260210_perf002_flow_20260210_22qvlu_success.json,flow_20260210_22qvlu,allow,0.14110498,0.00000000,0.35276244,0.00000000,
logs\real_human\20260210_perf002_flow_20260210_2igwuz_success.json,flow_20260210_2igwuz,allow,0.07158941,0.00000000,0.17897354,0.00000000,
logs\real_human\20260210_perf002_flow_20260210_2nsm4c_success.json,flow_20260210_2nsm4c,allow,0.02165559,0.00000000,0.05413897,0.00000000,
logs\real_human\20260210_perf002_flow_20260210_364l8e_success.json,flow_20260210_364l8e,allow,0.05448065,0.00000000,0.13620161,0.00000000,
logs\real_human\20260210_perf002_flow_20260210_3dzx1k_success.json,flow_20260210_3dzx1k,allow,0.11961977,0.00000000,0.29904942,0.00000000,
logs\real_human\20260210_perf002_flow_20260210_3zmvbh_success.json,flow_20260210_3zmvbh,allow,0.12040078,0.00000000,0.30100194,0.00000000,
logs\real_human\20260210_perf002_flow_20260210_4k27wq_success.json,flow_20260210_4k27wq,allow,0.01783679,0.00000000,0.04459196,0.00000000,
logs\real_human\20260210_perf002_flow_20260210_4xnyap_success.json,flow_20260210_4xnyap,allow,0.10529754,0.00000000,0.26324386,0.00000000,
logs\real_human\20260210_perf002_flow_20260210_5818ji_success.json,flow_20260210_5818ji,allow,0.04955363,0.00000000,0.12388407,0.00000000,
logs\real_human\20260210_perf002_flow_20260210_5al1ek_success.json,flow_20260210_5al1ek,allow,0.14733660,0.00000000,0.36834151,0.00000000,
logs\real_human\20260210_perf002_flow_20260210_5gtljf_success.json,flow_20260210_5gtljf,allow,0.02663980,0.00000000,0.06659949,0.00000000,
logs\real_human\20260210_perf002_flow_20260210_6r8n9h_success.json,flow_20260210_6r8n9h,allow,0.16480430,0.00000000,0.41201074,0.00000000,
logs\real_human\20260210_perf002_flow_20260210_76atmt_success.json,flow_20260210_76atmt,allow,0.14176309,0.00000000,0.35440773,0.00000000,
logs\real_human\20260210_perf002_flow_20260210_7p6us2_success.json,flow_20260210_7p6us2,allow,0.01743837,0.00000000,0.04359593,0.00000000,
logs\real_human\20260210_perf002_flow_20260210_7ptdd1_success.json,flow_20260210_7ptdd1,allow,0.03031271,0.00000000,0.07578178,0.00000000,
logs\real_human\20260210_perf002_flow_20260210_8fa6zc_success.json,flow_20260210_8fa6zc,allow,0.03833032,0.00000000,0.09582580,0.00000000,
logs\real_human\20260210_perf002_flow_20260210_8kmox7_success.json,flow_20260210_8kmox7,allow,0.06657776,0.00000000,0.16644439,0.00000000,
logs\real_human\20260210_perf002_flow_20260210_8x2unz_success.json,flow_20260210_8x2unz,allow,0.02608396,0.00000000,0.06520989,0.00000000,
logs\real_human\20260210_perf002_flow_20260210_90pabt_success.json,flow_20260210_90pabt,allow,0.10718025,0.00000000,0.26795063,0.00000000,
logs\real_human\20260210_perf002_flow_20260210_9muhls_success.json,flow_20260210_9muhls,allow,0.03779611,0.00000000,0.09449028,0.00000000,
logs\real_human\20260210_perf002_flow_20260210_9nwm2c_success.json,flow_20260210_9nwm2c,allow,0.01771434,0.00000000,0.04428584,0.00000000,
logs\real_human\20260210_perf002_flow_20260210_9pmxth_success.json,flow_20260210_9pmxth,allow,0.03778285,0.00000000,0.09445712,0.00000000,
logs\real_human\20260210_perf002_flow_20260210_agmk55_success.json,flow_20260210_agmk55,allow,0.01639225,0.00000000,0.04098062,0.00000000,
logs\real_human\20260210_perf002_flow_20260210_cat77i_success.json,flow_20260210_cat77i,allow,0.01590602,0.00000000,0.03976505,0.00000000,
logs\real_human\20260210_perf002_flow_20260210_ck562n_success.json,flow_20260210_ck562n,allow,0.01314875,0.00000000,0.03287189,0.00000000,
logs\real_human\20260210_perf002_flow_20260210_cq7jfb_success.json,flow_20260210_cq7jfb,allow,0.02156441,0.00000000,0.05391101,0.00000000,
logs\real_human\20260210_perf002_flow_20260210_day31y_success.json,flow_20260210_day31y,allow,0.10341861,0.00000000,0.25854652,0.00000000,
logs\real_human\20260210_perf002_flow_20260210_ehpihg_success.json,flow_20260210_ehpihg,allow,0.01924423,0.00000000,0.04811059,0.00000000,
logs\real_human\20260210_perf002_flow_20260210_ehuxvs_success.json,flow_20260210_ehuxvs,allow,0.03884110,0.00000000,0.09710275,0.00000000,
logs\real_human\20260210_perf002_flow_20260210_fqqnzy_success.json,flow_20260210_fqqnzy,allow,0.05414241,0.00000000,0.13535603,0.00000000,
logs\real_human\20260210_perf002_flow_20260210_gvrbxp_success.json,flow_20260210_gvrbxp,allow,0.05241077,0.00000000,0.13102692,0.00000000,
logs\real_human\20260210_perf002_flow_20260210_hlleyw_success.json,flow_20260210_hlleyw,allow,0.05587447,0.00000000,0.13968618,0.00000000,
logs\real_human\20260210_perf002_flow_20260210_imz330_success.json,flow_20260210_imz330,allow,0.03902533,0.00000000,0.09756334,0.00000000,
logs\real_human\20260210_perf002_flow_20260210_iw6tyz_success.json,flow_20260210_iw6tyz,allow,0.08968034,0.00000000,0.22420085,0.00000000,
logs\real_human\20260210_perf002_flow_20260210_kgsxa8_success.json,flow_20260210_kgsxa8,allow,0.03255005,0.00000000,0.08137512,0.00000000,
logs\real_human\20260210_perf002_flow_20260210_kn7008_success.json,flow_20260210_kn7008,allow,0.05862694,0.00000000,0.14656735,0.00000000,
logs\real_human\20260210_perf002_flow_20260210_l8ssxe_success.json,flow_20260210_l8ssxe,allow,0.04202498,0.00000000,0.10506244,0.00000000,
logs\real_human\20260210_perf002_flow_20260210_lfy7po_success.json,flow_20260210_lfy7po,allow,0.01241066,0.00000000,0.03102664,0.00000000,
logs\real_human\20260210_perf002_flow_20260210_lm5l4i_success.json,flow_20260210_lm5l4i,allow,0.01354102,0.00000000,0.03385255,0.00000000,
logs\real_human\20260210_perf002_flow_20260210_lmgy94_success.json,flow_20260210_lmgy94,allow,0.03063265,0.00000000,0.07658162,0.00000000,
logs\real_human\20260210_perf002_flow_20260210_lobo1z_success.json,flow_20260210_lobo1z,allow,0.02030904,0.00000000,0.05077261,0.00000000,
logs\real_human\20260210_perf002_flow_20260210_m0j9lj_success.json,flow_20260210_m0j9lj,allow,0.01322241,0.00000000,0.03305603,0.00000000,
logs\real_human\20260210_perf002_flow_20260210_m5l38u_success.json,flow_20260210_m5l38u,challenge,0.36048160,0.00000000,0.90120399,0.00000000,
logs\real_human\20260210_perf002_flow_20260210_mpt8ck_success.json,flow_20260210_mpt8ck,allow,0.14701860,0.00000000,0.36754651,0.00000000,
logs\real_human\20260210_perf002_flow_20260210_n3ibuw_success.json,flow_20260210_n3ibuw,allow,0.03426305,0.00000000,0.08565762,0.00000000,
logs\real_human\20260210_perf002_flow_20260210_ngopay_success.json,flow_20260210_ngopay,allow,0.03216550,0.00000000,0.08041376,0.00000000,
logs\real_human\20260210_perf002_flow_20260210_oi59cj_success.json,flow_20260210_oi59cj,allow,0.09538829,0.00000000,0.23847072,0.00000000,
logs\real_human\20260210_perf002_flow_20260210_p104e3_success.json,flow_20260210_p104e3,allow,0.09175324,0.00000000,0.22938311,0.00000000,
logs\real_human\20260210_perf002_flow_20260210_p84l59_success.json,flow_20260210_p84l59,allow,0.01712403,0.00000000,0.04281008,0.00000000,
logs\real_human\20260210_perf002_flow_20260210_q7cy3q_success.json,flow_20260210_q7cy3q,allow,0.00855195,0.00000000,0.02137987,0.00000000,
logs\real_human\20260210_perf002_flow_20260210_qimt94_success.json,flow_20260210_qimt94,allow,0.04710729,0.00000000,0.11776823,0.00000000,
logs\real_human\20260210_perf002_flow_20260210_qnvjmf_success.json,flow_20260210_qnvjmf,allow,0.05680149,0.00000000,0.14200372,0.00000000,
logs\real_human\20260210_perf002_flow_20260210_r7xpo0_success.json,flow_20260210_r7xpo0,allow,0.11321608,0.00000000,0.28304020,0.00000000,
logs\real_human\20260210_perf002_flow_20260210_r9hbgt_success.json,flow_20260210_r9hbgt,allow,0.01273866,0.00000000,0.03184664,0.00000000,
logs\real_human\20260210_perf002_flow_20260210_rsxfuw_success.json,flow_20260210_rsxfuw,allow,0.01512881,0.00000000,0.03782202,0.00000000,
logs\real_human\20260210_perf002_flow_20260210_sfln6d_success.json,flow_20260210_sfln6d,allow,0.14417838,0.00000000,0.36044596,0.00000000,
logs\real_human\20260210_perf002_flow_20260210_t6ao27_success.json,flow_20260210_t6ao27,allow,0.11973448,0.00000000,0.29933620,0.00000000,
logs\real_human\20260210_perf002_flow_20260210_tbfdkf_success.json,flow_20260210_tbfdkf,allow,0.07000149,0.00000000,0.17500372,0.00000000,
logs\real_human\20260210_perf002_flow_20260210_tp2xpl_success.json,flow_20260210_tp2xpl,allow,0.06735510,0.00000000,0.16838774,0.00000000,
logs\real_human\20260210_perf002_flow_20260210_txt2id_success.json,flow_20260210_txt2id,allow,0.06916350,0.00000000,0.17290876,0.00000000,
logs\real_human\20260210_perf002_flow_20260210_tyrzfh_success.json,flow_20260210_tyrzfh,allow,0.04082036,0.00000000,0.10205091,0.00000000,
logs\real_human\20260210_perf002_flow_20260210_u928e6_success.json,flow_20260210_u928e6,allow,0.05007732,0.00000000,0.12519331,0.00000000,
logs\real_human\20260210_perf002_flow_20260210_ucgijv_success.json,flow_20260210_ucgijv,allow,0.03977719,0.00000000,0.09944297,0.00000000,
logs\real_human\20260210_perf002_flow_20260210_uhki3l_success.json,flow_20260210_uhki3l,allow,0.03703180,0.00000000,0.09257951,0.00000000,
logs\real_human\20260210_perf002_flow_20260210_v2q7pu_success.json,flow_20260210_v2q7pu,allow,0.02533644,0.00000000,0.06334110,0.00000000,
logs\real_human\20260210_perf002_flow_20260210_vdm6yj_success.json,flow_20260210_vdm6yj,allow,0.03323796,0.00000000,0.08309490,0.00000000,
logs\real_human\20260210_perf002_flow_20260210_vs632j_success.json,flow_20260210_vs632j,allow,0.08368470,0.00000000,0.20921176,0.00000000,
logs\real_human\20260210_perf002_flow_20260210_w4ehqq_success.json,flow_20260210_w4ehqq,allow,0.13456383,0.00000000,0.33640958,0.00000000,
logs\real_human\20260210_perf002_flow_20260210_wguacj_success.json,flow_20260210_wguacj,allow,0.21520345,0.00000000,0.53800863,0.00000000,
logs\real_human\20260210_perf002_flow_20260210_wmqapn_success.json,flow_20260210_wmqapn,allow,0.00917603,0.00000000,0.02294007,0.00000000,
logs\real_human\20260210_perf002_flow_20260210_xy1iic_success.json,flow_20260210_xy1iic,allow,0.05336012,0.00000000,0.13340029,0.00000000,
logs\real_human\20260210_perf002_flow_20260210_yx7zuk_success.json,flow_20260210_yx7zuk,allow,0.02626107,0.00000000,0.06565268,0.00000000,
logs\real_human\20260210_perf002_flow_20260210_z1e0qn_success.json,flow_20260210_z1e0qn,allow,0.05673816,0.00000000,0.14184539,0.00000000,
logs\real_human\20260210_perf002_flow_20260210_z7fez3_success.json,flow_20260210_z7fez3,allow,0.02145484,0.00000000,0.05363711,0.00000000,
logs\real_human\20260210_perf002_flow_20260210_zi4ywd_success.json,flow_20260210_zi4ywd,allow,0.14298639,0.00000000,0.35746597,0.00000000,
logs\real_human\20260210_perf003_flow_20260210_1hujqb_success.json,flow_20260210_1hujqb,allow,0.06746704,0.00000000,0.16866760,0.00000000,
logs\real_human\20260210_perf003_flow_20260210_30uvs8_success.json,flow_20260210_30uvs8,allow,0.01047472,0.00000000,0.02618679,0.00000000,
logs\real_human\20260210_perf003_flow_20260210_35vp3y_success.json,flow_20260210_35vp3y,allow,0.00347091,0.00000000,0.00867728,0.00000000,
logs\real_human\20260210_perf003_flow_20260210_3parem_success.json,flow_20260210_3parem,allow,0.00000000,0.00000000,0.00000000,0.00000000,
logs\real_human\20260210_perf003_flow_20260210_4csnop_success.json,flow_20260210_4csnop,allow,0.04535420,0.00000000,0.11338551,0.00000000,
logs\real_human\20260210_perf003_flow_20260210_4dsd3q_success.json,flow_20260210_4dsd3q,allow,0.03451913,0.00000000,0.08629783,0.00000000,
logs\real_human\20260210_perf003_flow_20260210_572rsx_success.json,flow_20260210_572rsx,allow,0.06228476,0.00000000,0.15571189,0.00000000,
logs\real_human\20260210_perf003_flow_20260210_5c1noi_success.json,flow_20260210_5c1noi,allow,0.03569614,0.00000000,0.08924034,0.00000000,
logs\real_human\20260210_perf003_flow_20260210_5fl7gx_success.json,flow_20260210_5fl7gx,allow,0.05148284,0.00000000,0.12870709,0.00000000,
logs\real_human\20260210_perf003_flow_20260210_6ontmj_success.json,flow_20260210_6ontmj,allow,0.12904723,0.00000000,0.32261808,0.00000000,
logs\real_human\20260210_perf003_flow_20260210_6q0gy4_success.json,flow_20260210_6q0gy4,allow,0.03495045,0.00000000,0.08737614,0.00000000,
logs\real_human\20260210_perf003_flow_20260210_7595g9_success.json,flow_20260210_7595g9,allow,0.02646311,0.00000000,0.06615777,0.00000000,
logs\real_human\20260210_perf003_flow_20260210_7ewrbl_success.json,flow_20260210_7ewrbl,allow,0.05832952,0.00000000,0.14582379,0.00000000,
logs\real_human\20260210_perf003_flow_20260210_7zzkec_success.json,flow_20260210_7zzkec,allow,0.10596616,0.00000000,0.26491540,0.00000000,
logs\real_human\20260210_perf003_flow_20260210_829uqx_success.json,flow_20260210_829uqx,allow,0.05161506,0.00000000,0.12903764,0.00000000,
logs\real_human\20260210_perf003_flow_20260210_8db12k_success.json,flow_20260210_8db12k,challenge,0.40000000,0.00000000,1.00000000,0.00000000,
logs\real_human\20260210_perf003_flow_20260210_8lpdal_success.json,flow_20260210_8lpdal,allow,0.03019125,0.00000000,0.07547812,0.00000000,
logs\real_human\20260210_perf003_flow_20260210_8p2zsj_success.json,flow_20260210_8p2zsj,allow,0.01999715,0.00000000,0.04999287,0.00000000,
logs\real_human\20260210_perf003_flow_20260210_8pdo7o_success.json,flow_20260210_8pdo7o,allow,0.05246317,0.00000000,0.13115792,0.00000000,
logs\real_human\20260210_perf003_flow_20260210_9dcdkr_success.json,flow_20260210_9dcdkr,allow,0.11872898,0.00000000,0.29682244,0.00000000,
logs\real_human\20260210_perf003_flow_20260210_9m26fq_success.json,flow_20260210_9m26fq,allow,0.06207447,0.00000000,0.15518617,0.00000000,
logs\real_human\20260210_perf003_flow_20260210_alqx1n_success.json,flow_20260210_alqx1n,allow,0.03225541,0.00000000,0.08063852,0.00000000,
logs\real_human\20260210_perf003_flow_20260210_bfpg6b_success.json,flow_20260210_bfpg6b,allow,0.02918345,0.00000000,0.07295862,0.00000000,
logs\real_human\20260210_perf003_flow_20260210_bidojb_success.json,flow_20260210_bidojb,allow,0.07278196,0.00000000,0.18195489,0.00000000,
logs\real_human\20260210_perf003_flow_20260210_c4d97x_success.json,flow_20260210_c4d97x,allow,0.02842442,0.00000000,0.07106104,0.00000000,
logs\real_human\20260210_perf003_flow_20260210_db6sae_success.json,flow_20260210_db6sae,allow,0.06229047,0.00000000,0.15572617,0.00000000,
logs\real_human\20260210_perf003_flow_20260210_dj202k_success.json,flow_20260210_dj202k,allow,0.03270847,0.00000000,0.08177116,0.00000000,
logs\real_human\20260210_perf003_flow_20260210_eb1tbj_success.json,flow_20260210_eb1tbj,allow,0.02810032,0.00000000,0.07025080,0.00000000,
logs\real_human\20260210_perf003_flow_20260210_eceu9p_success.json,flow_20260210_eceu9p,allow,0.09140193,0.00000000,0.22850483,0.00000000,
logs\real_human\20260210_perf003_flow_20260210_eig17l_success.json,flow_20260210_eig17l,allow,0.05663780,0.00000000,0.14159450,0.00000000,
logs\real_human\20260210_perf003_flow_20260210_eo8zsu_success.json,flow_20260210_eo8zsu,allow,0.02061022,0.00000000,0.05152556,0.00000000,
logs\real_human\20260210_perf003_flow_20260210_f99hf0_success.json,flow_20260210_f99hf0,allow,0.02978164,0.00000000,0.07445410,0.00000000,
logs\real_human\20260210_perf003_flow_20260210_fheyso_success.json,flow_20260210_fheyso,allow,0.01255420,0.00000000,0.03138550,0.00000000,
logs\real_human\20260210_perf003_flow_20260210_fsnyuo_success.json,flow_20260210_fsnyuo,allow,0.02870065,0.00000000,0.07175162,0.00000000,
logs\real_human\20260210_perf003_flow_20260210_ggufab_success.json,flow_20260210_ggufab,allow,0.00057572,0.00000000,0.00143930,0.00000000,
logs\real_human\20260210_perf003_flow_20260210_gkt9sj_success.json,flow_20260210_gkt9sj,allow,0.01121030,0.00000000,0.02802574,0.00000000,
logs\real_human\20260210_perf003_flow_20260210_gvdcjk_success.json,flow_20260210_gvdcjk,allow,0.11787418,0.00000000,0.29468545,0.00000000,
logs\real_human\20260210_perf003_flow_20260210_hoyqs0_success.json,flow_20260210_hoyqs0,allow,0.05281408,0.00000000,0.13203519,0.00000000,
logs\real_human\20260210_perf003_flow_20260210_jnvnfh_success.json,flow_20260210_jnvnfh,allow,0.03319719,0.00000000,0.08299296,0.00000000,
logs\real_human\20260210_perf003_flow_20260210_jpr5jv_success.json,flow_20260210_jpr5jv,allow,0.09829322,0.00000000,0.24573304,0.00000000,
logs\real_human\20260210_perf003_flow_20260210_k4wrbs_success.json,flow_20260210_k4wrbs,allow,0.05357800,0.00000000,0.13394499,0.00000000,
logs\real_human\20260210_perf003_flow_20260210_l43igt_success.json,flow_20260210_l43igt,allow,0.20729505,0.00000000,0.51823762,0.00000000,
logs\real_human\20260210_perf003_flow_20260210_ll04ww_success.json,flow_20260210_ll04ww,allow,0.09261560,0.00000000,0.23153899,0.00000000,
logs\real_human\20260210_perf003_flow_20260210_llh3sp_success.json,flow_20260210_llh3sp,allow,0.03015513,0.00000000,0.07538782,0.00000000,
logs\real_human\20260210_perf003_flow_20260210_mbrp7t_success.json,flow_20260210_mbrp7t,allow,0.04455941,0.00000000,0.11139852,0.00000000,
logs\real_human\20260210_perf003_flow_20260210_mmt1wv_success.json,flow_20260210_mmt1wv,allow,0.08610405,0.00000000,0.21526012,0.00000000,
logs\real_human\20260210_perf003_flow_20260210_nqespz_success.json,flow_20260210_nqespz,allow,0.04662036,0.00000000,0.11655090,0.00000000,
logs\real_human\20260210_perf003_flow_20260210_ojawpp_success.json,flow_20260210_ojawpp,allow,0.04046175,0.00000000,0.10115438,0.00000000,
logs\real_human\20260210_perf003_flow_20260210_oskkbl_success.json,flow_20260210_oskkbl,allow,0.07813964,0.00000000,0.19534910,0.00000000,
logs\real_human\20260210_perf003_flow_20260210_poak0x_success.json,flow_20260210_poak0x,allow,0.03210291,0.00000000,0.08025727,0.00000000,
logs\real_human\20260210_perf003_flow_20260210_qcq2fh_success.json,flow_20260210_qcq2fh,allow,0.03934870,0.00000000,0.09837174,0.00000000,
logs\real_human\20260210_perf003_flow_20260210_qikkcc_success.json,flow_20260210_qikkcc,allow,0.02179978,0.00000000,0.05449944,0.00000000,
logs\real_human\20260210_perf003_flow_20260210_rpjm4b_success.json,flow_20260210_rpjm4b,allow,0.03867983,0.00000000,0.09669957,0.00000000,
logs\real_human\20260210_perf003_flow_20260210_rygd2l_success.json,flow_20260210_rygd2l,allow,0.05357008,0.00000000,0.13392519,0.00000000,
logs\real_human\20260210_perf003_flow_20260210_s52ayt_success.json,flow_20260210_s52ayt,allow,0.07717116,0.00000000,0.19292790,0.00000000,
logs\real_human\20260210_perf003_flow_20260210_usdj37_success.json,flow_20260210_usdj37,allow,0.05253007,0.00000000,0.13132519,0.00000000,
logs\real_human\20260210_perf003_flow_20260210_v75quv_success.json,flow_20260210_v75quv,allow,0.03483252,0.00000000,0.08708129,0.00000000,
logs\real_human\20260210_perf003_flow_20260210_vcrb7a_success.json,flow_20260210_vcrb7a,allow,0.00824582,0.00000000,0.02061456,0.00000000,
logs\real_human\20260210_perf003_flow_20260210_vl7zhp_success.json,flow_20260210_vl7zhp,allow,0.16121192,0.00000000,0.40302981,0.00000000,
logs\real_human\20260210_perf003_flow_20260210_w2pd29_success.json,flow_20260210_w2pd29,allow,0.03545650,0.00000000,0.08864125,0.00000000,
logs\real_human\20260210_perf003_flow_20260210_w7mmhw_success.json,flow_20260210_w7mmhw,allow,0.06041342,0.00000000,0.15103355,0.00000000,
logs\real_human\20260210_perf003_flow_20260210_wnqc2v_success.json,flow_20260210_wnqc2v,allow,0.00784930,0.00000000,0.01962325,0.00000000,
logs\real_human\20260210_perf003_flow_20260210_wu5yyq_success.json,flow_20260210_wu5yyq,allow,0.08961365,0.00000000,0.22403412,0.00000000,
logs\real_human\20260210_perf003_flow_20260210_wwgkut_success.json,flow_20260210_wwgkut,allow,0.09652706,0.00000000,0.24131765,0.00000000,
logs\real_human\20260210_perf003_flow_20260210_x98p83_success.json,flow_20260210_x98p83,allow,0.04973780,0.00000000,0.12434451,0.00000000,
logs\real_human\20260210_perf003_flow_20260210_xewi81_success.json,flow_20260210_xewi81,allow,0.16814253,0.00000000,0.42035633,0.00000000,
logs\real_human\20260210_perf003_flow_20260210_xf5bd9_success.json,flow_20260210_xf5bd9,allow,0.01236222,0.00000000,0.03090555,0.00000000,
logs\real_human\20260210_perf003_flow_20260210_xiipk6_success.json,flow_20260210_xiipk6,allow,0.15211902,0.00000000,0.38029756,0.00000000,
logs\real_human\20260210_perf003_flow_20260210_xje7x1_success.json,flow_20260210_xje7x1,challenge,0.34510273,0.00000000,0.86275683,0.00000000,
logs\real_human\20260210_perf003_flow_20260210_xr130i_success.json,flow_20260210_xr130i,allow,0.05785143,0.00000000,0.14462857,0.00000000,
logs\real_human\20260210_perf003_flow_20260210_ygpain_success.json,flow_20260210_ygpain,allow,0.14709876,0.00000000,0.36774691,0.00000000,
logs\real_human\20260210_perf004_flow_20260210_03umlo_success.json,flow_20260210_03umlo,allow,0.10264319,0.00000000,0.25660798,0.00000000,
logs\real_human\20260210_perf004_flow_20260210_04crp3_success.json,flow_20260210_04crp3,allow,0.04203497,0.00000000,0.10508742,0.00000000,
logs\real_human\20260210_perf004_flow_20260210_0vbckz_success.json,flow_20260210_0vbckz,allow,0.00794663,0.00000000,0.01986656,0.00000000,
logs\real_human\20260210_perf004_flow_20260210_1ga260_success.json,flow_20260210_1ga260,allow,0.05812625,0.00000000,0.14531562,0.00000000,
logs\real_human\20260210_perf004_flow_20260210_1i7sx8_success.json,flow_20260210_1i7sx8,allow,0.07446139,0.00000000,0.18615346,0.00000000,
logs\real_human\20260210_perf004_flow_20260210_1wi414_success.json,flow_20260210_1wi414,allow,0.14023046,0.00000000,0.35057616,0.00000000,
logs\real_human\20260210_perf004_flow_20260210_26t5bj_success.json,flow_20260210_26t5bj,allow,0.04080503,0.00000000,0.10201256,0.00000000,
logs\real_human\20260210_perf004_flow_20260210_2dqi6m_success.json,flow_20260210_2dqi6m,allow,0.04365724,0.00000000,0.10914311,0.00000000,
logs\real_human\20260210_perf004_flow_20260210_2itooe_success.json,flow_20260210_2itooe,allow,0.00779550,0.00000000,0.01948874,0.00000000,
logs\real_human\20260210_perf004_flow_20260210_2wneqq_success.json,flow_20260210_2wneqq,allow,0.00703509,0.00000000,0.01758773,0.00000000,
logs\real_human\20260210_perf004_flow_20260210_31czyo_success.json,flow_20260210_31czyo,allow,0.02629042,0.00000000,0.06572604,0.00000000,
logs\real_human\20260210_perf004_flow_20260210_3pdwx5_success.json,flow_20260210_3pdwx5,allow,0.03080749,0.00000000,0.07701873,0.00000000,
logs\real_human\20260210_perf004_flow_20260210_3ybrqw_success.json,flow_20260210_3ybrqw,allow,0.03123787,0.00000000,0.07809467,0.00000000,
logs\real_human\20260210_perf004_flow_20260210_411taz_success.json,flow_20260210_411taz,allow,0.05522718,0.00000000,0.13806795,0.00000000,
logs\real_human\20260210_perf004_flow_20260210_4j8d2p_success.json,flow_20260210_4j8d2p,allow,0.01678423,0.00000000,0.04196058,0.00000000,
logs\real_human\20260210_perf004_flow_20260210_5haewc_success.json,flow_20260210_5haewc,allow,0.02688175,0.00000000,0.06720438,0.00000000,
logs\real_human\20260210_perf004_flow_20260210_62oav6_success.json,flow_20260210_62oav6,allow,0.11018652,0.00000000,0.27546630,0.00000000,
logs\real_human\20260210_perf004_flow_20260210_6qntp5_success.json,flow_20260210_6qntp5,allow,0.11973158,0.00000000,0.29932894,0.00000000,
logs\real_human\20260210_perf004_flow_20260210_7269c2_success.json,flow_20260210_7269c2,allow,0.14526205,0.00000000,0.36315513,0.00000000,
logs\real_human\20260210_perf004_flow_20260210_74ihg1_success.json,flow_20260210_74ihg1,challenge,0.32564886,0.00000000,0.81412215,0.00000000,
logs\real_human\20260210_perf004_flow_20260210_8lssis_success.json,flow_20260210_8lssis,allow,0.05053005,0.00000000,0.12632514,0.00000000,
logs\real_human\20260210_perf004_flow_20260210_9mcwsk_success.json,flow_20260210_9mcwsk,allow,0.03711534,0.00000000,0.09278836,0.00000000,
logs\real_human\20260210_perf004_flow_20260210_9mk5di_success.json,flow_20260210_9mk5di,allow,0.04308468,0.00000000,0.10771171,0.00000000,
logs\real_human\20260210_perf004_flow_20260210_9qeht2_success.json,flow_20260210_9qeht2,allow,0.14763311,0.00000000,0.36908276,0.00000000,
logs\real_human\20260210_perf004_flow_20260210_b1ipv6_success.json,flow_20260210_b1ipv6,allow,0.02754332,0.00000000,0.06885831,0.00000000,
logs\real_human\20260210_perf004_flow_20260210_b1qrxz_success.json,flow_20260210_b1qrxz,allow,0.04119556,0.00000000,0.10298889,0.00000000,
logs\real_human\20260210_perf004_flow_20260210_b8zeqh_success.json,flow_20260210_b8zeqh,allow,0.02452203,0.00000000,0.06130508,0.00000000,
logs\real_human\20260210_perf004_flow_20260210_bivctc_success.json,flow_20260210_bivctc,allow,0.14990212,0.00000000,0.37475531,0.00000000,
logs\real_human\20260210_perf004_flow_20260210_c89fsf_success.json,flow_20260210_c89fsf,allow,0.03784328,0.00000000,0.09460820,0.00000000,
logs\real_human\20260210_perf004_flow_20260210_ceorcj_success.json,flow_20260210_ceorcj,allow,0.00797640,0.00000000,0.01994099,0.00000000,
logs\real_human\20260210_perf004_flow_20260210_cz7eew_success.json,flow_20260210_cz7eew,allow,0.03760005,0.00000000,0.09400013,0.00000000,
logs\real_human\20260210_perf004_flow_20260210_czhaav_success.json,flow_20260210_czhaav,allow,0.03216996,0.00000000,0.08042490,0.00000000,
logs\real_human\20260210_perf004_flow_20260210_d3hfd2_success.json,flow_20260210_d3hfd2,allow,0.03302518,0.00000000,0.08256296,0.00000000,
logs\real_human\20260210_perf004_flow_20260210_dgnmbf_success.json,flow_20260210_dgnmbf,allow,0.02179787,0.00000000,0.05449468,0.00000000,
logs\real_human\20260210_perf004_flow_20260210_dm4pd5_success.json,flow_20260210_dm4pd5,allow,0.08302309,0.00000000,0.20755772,0.00000000,
logs\real_human\20260210_perf004_flow_20260210_e5512e_success.json,flow_20260210_e5512e,allow,0.01424293,0.00000000,0.03560734,0.00000000,
logs\real_human\20260210_perf004_flow_20260210_e64uqi_success.json,flow_20260210_e64uqi,allow,0.04556050,0.00000000,0.11390126,0.00000000,
logs\real_human\20260210_perf004_flow_20260210_evifir_success.json,flow_20260210_evifir,allow,0.05321992,0.00000000,0.13304979,0.00000000,
logs\real_human\20260210_perf004_flow_20260210_exbnor_success.json,flow_20260210_exbnor,allow,0.10565678,0.00000000,0.26414194,0.00000000,
logs\real_human\20260210_perf004_flow_20260210_ezv93k_success.json,flow_20260210_ezv93k,allow,0.06214243,0.00000000,0.15535608,0.00000000,
logs\real_human\20260210_perf004_flow_20260210_g2t9o9_success.json,flow_20260210_g2t9o9,allow,0.05170159,0.00000000,0.12925398,0.00000000,
logs\real_human\20260210_perf004_flow_20260210_gc9xw3_success.json,flow_20260210_gc9xw3,allow,0.12684700,0.00000000,0.31711750,0.00000000,
logs\real_human\20260210_perf004_flow_20260210_h87x0c_success.json,flow_20260210_h87x0c,allow,0.24579584,0.00000000,0.61448959,0.00000000,
logs\real_human\20260210_perf004_flow_20260210_hguhi9_success.json,flow_20260210_hguhi9,allow,0.02416922,0.00000000,0.06042305,0.00000000,
logs\real_human\20260210_perf004_flow_20260210_hmrl6e_success.json,flow_20260210_hmrl6e,allow,0.06898142,0.00000000,0.17245355,0.00000000,
logs\real_human\20260210_perf004_flow_20260210_hn5i8l_success.json,flow_20260210_hn5i8l,allow,0.24483096,0.00000000,0.61207740,0.00000000,
logs\real_human\20260210_perf004_flow_20260210_hqqgs6_success.json,flow_20260210_hqqgs6,allow,0.05443383,0.00000000,0.13608457,0.00000000,
logs\real_human\20260210_perf004_flow_20260210_hsgefj_success.json,flow_20260210_hsgefj,allow,0.18177263,0.00000000,0.45443158,0.00000000,
logs\real_human\20260210_perf004_flow_20260210_hvz1lj_success.json,flow_20260210_hvz1lj,allow,0.06599278,0.00000000,0.16498195,0.00000000,
logs\real_human\20260210_perf004_flow_20260210_i4vgxs_success.json,flow_20260210_i4vgxs,allow,0.02056889,0.00000000,0.05142222,0.00000000,
logs\real_human\20260210_perf004_flow_20260210_ibhwup_success.json,flow_20260210_ibhwup,allow,0.03496322,0.00000000,0.08740805,0.00000000,
logs\real_human\20260210_perf004_flow_20260210_ip4pe4_success.json,flow_20260210_ip4pe4,allow,0.21981770,0.00000000,0.54954424,0.00000000,
logs\real_human\20260210_perf004_flow_20260210_ipzprk_success.json,flow_20260210_ipzprk,allow,0.05787277,0.00000000,0.14468192,0.00000000,
logs\real_human\20260210_perf004_flow_20260210_iuc9ne_success.json,flow_20260210_iuc9ne,allow,0.05462640,0.00000000,0.13656599,0.00000000,
logs\real_human\20260210_perf004_flow_20260210_izth68_success.json,flow_20260210_izth68,allow,0.02063034,0.00000000,0.05157586,0.00000000,
logs\real_human\20260210_perf004_flow_20260210_j28vt7_success.json,flow_20260210_j28vt7,allow,0.03271656,0.00000000,0.08179140,0.00000000,
logs\real_human\20260210_perf004_flow_20260210_jk67c1_success.json,flow_20260210_jk67c1,allow,0.04589497,0.00000000,0.11473743,0.00000000,
logs\real_human\20260210_perf004_flow_20260210_jyczz6_success.json,flow_20260210_jyczz6,allow,0.00306242,0.00000000,0.00765606,0.00000000,
logs\real_human\20260210_perf004_flow_20260210_k7paa2_success.json,flow_20260210_k7paa2,allow,0.01686762,0.00000000,0.04216904,0.00000000,
logs\real_human\20260210_perf004_flow_20260210_kumfhn_success.json,flow_20260210_kumfhn,allow,0.09081278,0.00000000,0.22703194,0.00000000,
logs\real_human\20260210_perf004_flow_20260210_kuw6td_success.json,flow_20260210_kuw6td,allow,0.04405384,0.00000000,0.11013460,0.00000000,
logs\real_human\20260210_perf004_flow_20260210_l32ir3_success.json,flow_20260210_l32ir3,allow,0.05785830,0.00000000,0.14464576,0.00000000,
logs\real_human\20260210_perf004_flow_20260210_lbrzzn_success.json,flow_20260210_lbrzzn,allow,0.00802559,0.00000000,0.02006397,0.00000000,
logs\real_human\20260210_perf004_flow_20260210_lr1ggo_success.json,flow_20260210_lr1ggo,allow,0.00906677,0.00000000,0.02266692,0.00000000,
logs\real_human\20260210_perf004_flow_20260210_ltqbpe_success.json,flow_20260210_ltqbpe,allow,0.05155472,0.00000000,0.12888679,0.00000000,
logs\real_human\20260210_perf004_flow_20260210_m4hic6_success.json,flow_20260210_m4hic6,allow,0.11983945,0.00000000,0.29959863,0.00000000,
logs\real_human\20260210_perf004_flow_20260210_m6lzi1_success.json,flow_20260210_m6lzi1,allow,0.13594752,0.00000000,0.33986881,0.00000000,
logs\real_human\20260210_perf004_flow_20260210_mb8zvu_success.json,flow_20260210_mb8zvu,allow,0.01494848,0.00000000,0.03737121,0.00000000,
logs\real_human\20260210_perf004_flow_20260210_n45yp9_success.json,flow_20260210_n45yp9,allow,0.04162396,0.00000000,0.10405991,0.00000000,
logs\real_human\20260210_perf004_flow_20260210_ndre3v_success.json,flow_20260210_ndre3v,allow,0.12122172,0.00000000,0.30305429,0.00000000,
logs\real_human\20260210_perf004_flow_20260210_nlvdbe_success.json,flow_20260210_nlvdbe,allow,0.03596782,0.00000000,0.08991954,0.00000000,
logs\real_human\20260210_perf004_flow_20260210_ohjmov_success.json,flow_20260210_ohjmov,allow,0.18284814,0.00000000,0.45712035,0.00000000,
logs\real_human\20260210_perf004_flow_20260210_oufe95_success.json,flow_20260210_oufe95,allow,0.03439427,0.00000000,0.08598568,0.00000000,
logs\real_human\20260210_perf004_flow_20260210_pg0th4_success.json,flow_20260210_pg0th4,allow,0.01708380,0.00000000,0.04270949,0.00000000,
logs\real_human\20260210_perf004_flow_20260210_qfh574_success.json,flow_20260210_qfh574,allow,0.00906309,0.00000000,0.02265773,0.00000000,
logs\real_human\20260210_perf004_flow_20260210_qgrduh_success.json,flow_20260210_qgrduh,allow,0.00782566,0.00000000,0.01956416,0.00000000,
logs\real_human\20260210_perf004_flow_20260210_qprkvu_success.json,flow_20260210_qprkvu,allow,0.17008625,0.00000000,0.42521563,0.00000000,
logs\real_human\20260210_perf004_flow_20260210_reg3gq_success.json,flow_20260210_reg3gq,allow,0.05258133,0.00000000,0.13145332,0.00000000,
logs\real_human\20260210_perf004_flow_20260210_rhmlje_success.json,flow_20260210_rhmlje,allow,0.04443934,0.00000000,0.11109835,0.00000000,
logs\real_human\20260210_perf004_flow_20260210_rn6ezo_success.json,flow_20260210_rn6ezo,allow,0.01142266,0.00000000,0.02855666,0.00000000,
logs\real_human\20260210_perf004_flow_20260210_rwyude_success.json,flow_20260210_rwyude,allow,0.06127612,0.00000000,0.15319030,0.00000000,
logs\real_human\20260210_perf004_flow_20260210_scprl9_success.json,flow_20260210_scprl9,allow,0.07320133,0.00000000,0.18300333,0.00000000,
logs\real_human\20260210_perf004_flow_20260210_sd59b0_success.json,flow_20260210_sd59b0,allow,0.01273406,0.00000000,0.03183515,0.00000000,
logs\real_human\20260210_perf004_flow_20260210_sl8q4p_success.json,flow_20260210_sl8q4p,allow,0.14168504,0.00000000,0.35421260,0.00000000,
logs\real_human\20260210_perf004_flow_20260210_sr4is3_success.json,flow_20260210_sr4is3,allow,0.05245133,0.00000000,0.13112832,0.00000000,
logs\real_human\20260210_perf004_flow_20260210_ssyp9x_success.json,flow_20260210_ssyp9x,allow,0.12951625,0.00000000,0.32379064,0.00000000,
logs\real_human\20260210_perf004_flow_20260210_stq55w_success.json,flow_20260210_stq55w,allow,0.03410816,0.00000000,0.08527041,0.00000000,
logs\real_human\20260210_perf004_flow_20260210_szxw9q_success.json,flow_20260210_szxw9q,allow,0.02206723,0.00000000,0.05516807,0.00000000,
logs\real_human\20260210_perf004_flow_20260210_tebe16_success.json,flow_20260210_tebe16,allow,0.12572794,0.00000000,0.31431985,0.00000000,
logs\real_human\20260210_perf004_flow_20260210_thtcbk_success.json,flow_20260210_thtcbk,allow,0.05874318,0.00000000,0.14685795,0.00000000,
logs\real_human\20260210_perf004_flow_20260210_tigmwj_success.json,flow_20260210_tigmwj,allow,0.00658389,0.00000000,0.01645973,0.00000000,
logs\real_human\20260210_perf004_flow_20260210_tp7a2q_success.json,flow_20260210_tp7a2q,allow,0.01555176,0.00000000,0.03887941,0.00000000,
logs\real_human\20260210_perf004_flow_20260210_u01y3y_success.json,flow_20260210_u01y3y,allow,0.00764519,0.00000000,0.01911299,0.00000000,
logs\real_human\20260210_perf004_flow_20260210_uh3gj9_success.json,flow_20260210_uh3gj9,allow,0.08352461,0.00000000,0.20881152,0.00000000,
logs\real_human\20260210_perf004_flow_20260210_uhns6y_success.json,flow_20260210_uhns6y,allow,0.01408777,0.00000000,0.03521944,0.00000000,
logs\real_human\20260210_perf004_flow_20260210_urcxfz_success.json,flow_20260210_urcxfz,allow,0.02842069,0.00000000,0.07105172,0.00000000,
logs\real_human\20260210_perf004_flow_20260210_uvmr9w_success.json,flow_20260210_uvmr9w,allow,0.05197609,0.00000000,0.12994023,0.00000000,
logs\real_human\20260210_perf004_flow_20260210_vkboy0_success.json,flow_20260210_vkboy0,allow,0.02555643,0.00000000,0.06389108,0.00000000,
logs\real_human\20260210_perf004_flow_20260210_vm6dby_success.json,flow_20260210_vm6dby,allow,0.03202212,0.00000000,0.08005531,0.00000000,
logs\real_human\20260210_perf004_flow_20260210_w96ztj_success.json,flow_20260210_w96ztj,allow,0.01426640,0.00000000,0.03566600,0.00000000,
logs\real_human\20260210_perf004_flow_20260210_x98sas_success.json,flow_20260210_x98sas,allow,0.03603219,0.00000000,0.09008048,0.00000000,
logs\real_human\20260210_perf004_flow_20260210_yh3nhn_success.json,flow_20260210_yh3nhn,allow,0.04701573,0.00000000,0.11753933,0.00000000,
logs\real_human\20260210_perf004_flow_20260210_ykyqvs_success.json,flow_20260210_ykyqvs,allow,0.03078447,0.00000000,0.07696118,0.00000000,
logs\real_human\20260210_perf004_flow_20260210_yrllo3_success.json,flow_20260210_yrllo3,allow,0.01571564,0.00000000,0.03928909,0.00000000,
logs\real_human\20260210_perf004_flow_20260210_yvxtfw_success.json,flow_20260210_yvxtfw,challenge,0.37043326,0.00000000,0.92608315,0.00000000,
logs\real_human\20260210_perf004_flow_20260210_zazc7c_success.json,flow_20260210_zazc7c,allow,0.02555116,0.00000000,0.06387791,0.00000000,
logs\real_human\20260210_perf004_flow_20260210_zofurs_success.json,flow_20260210_zofurs,allow,0.01142125,0.00000000,0.02855313,0.00000000,
logs\real_human\20260210_perf004_flow_20260210_zqm8c6_success.json,flow_20260210_zqm8c6,allow,0.05181055,0.00000000,0.12952638,0.00000000,
logs\real_human\20260210_perf004_flow_20260210_zs3dkz_success.json,flow_20260210_zs3dkz,allow,0.10537390,0.00000000,0.26343474,0.00000000,
logs\real_human\20260210_perf005_flow_20260210_1lu4a8_success.json,flow_20260210_1lu4a8,allow,0.04957052,0.00000000,0.12392629,0.00000000,
logs\real_human\20260210_perf005_flow_20260210_52h1pn_success.json,flow_20260210_52h1pn,allow,0.02773181,0.00000000,0.06932952,0.00000000,
logs\real_human\20260210_perf005_flow_20260210_611ho6_success.json,flow_20260210_611ho6,allow,0.03669809,0.00000000,0.09174522,0.00000000,
logs\real_human\20260210_perf005_flow_20260210_6akcar_success.json,flow_20260210_6akcar,allow,0.03712971,0.00000000,0.09282426,0.00000000,
logs\real_human\20260210_perf005_flow_20260210_6f24ps_success.json,flow_20260210_6f24ps,allow,0.04766666,0.00000000,0.11916665,0.00000000,
logs\real_human\20260210_perf005_flow_20260210_6jsg8t_success.json,flow_20260210_6jsg8t,allow,0.05760567,0.00000000,0.14401418,0.00000000,
logs\real_human\20260210_perf005_flow_20260210_7jx31s_success.json,flow_20260210_7jx31s,allow,0.05058762,0.00000000,0.12646905,0.00000000,
logs\real_human\20260210_perf005_flow_20260210_85kh9z_success.json,flow_20260210_85kh9z,allow,0.06081971,0.00000000,0.15204928,0.00000000,
logs\real_human\20260210_perf005_flow_20260210_b8j9li_success.json,flow_20260210_b8j9li,allow,0.03901178,0.00000000,0.09752945,0.00000000,
logs\real_human\20260210_perf005_flow_20260210_duk1a2_success.json,flow_20260210_duk1a2,allow,0.04521459,0.00000000,0.11303648,0.00000000,
logs\real_human\20260210_perf005_flow_20260210_e2gzui_success.json,flow_20260210_e2gzui,allow,0.08978689,0.00000000,0.22446722,0.00000000,
logs\real_human\20260210_perf005_flow_20260210_hgyzkq_success.json,flow_20260210_hgyzkq,allow,0.03517575,0.00000000,0.08793937,0.00000000,
logs\real_human\20260210_perf005_flow_20260210_ijs5ww_success.json,flow_20260210_ijs5ww,allow,0.11589408,0.00000000,0.28973520,0.00000000,
logs\real_human\20260210_perf005_flow_20260210_k9n6rh_success.json,flow_20260210_k9n6rh,allow,0.02383186,0.00000000,0.05957966,0.00000000,
logs\real_human\20260210_perf005_flow_20260210_kflbji_success.json,flow_20260210_kflbji,allow,0.01032103,0.00000000,0.02580257,0.00000000,
logs\real_human\20260210_perf005_flow_20260210_m43y95_success.json,flow_20260210_m43y95,allow,0.07364443,0.00000000,0.18411107,0.00000000,
logs\real_human\20260210_perf005_flow_20260210_nc6nz0_success.json,flow_20260210_nc6nz0,allow,0.06374556,0.00000000,0.15936389,0.00000000,
logs\real_human\20260210_perf005_flow_20260210_nol582_success.json,flow_20260210_nol582,allow,0.02754986,0.00000000,0.06887465,0.00000000,
logs\real_human\20260210_perf005_flow_20260210_rvlfyf_success.json,flow_20260210_rvlfyf,allow,0.01631766,0.00000000,0.04079415,0.00000000,
logs\real_human\20260210_perf005_flow_20260210_tsl2pk_success.json,flow_20260210_tsl2pk,allow,0.05414664,0.00000000,0.13536659,0.00000000,
logs\real_human\20260210_perf005_flow_20260210_ube5kb_success.json,flow_20260210_ube5kb,allow,0.03599271,0.00000000,0.08998177,0.00000000,
logs\real_human\20260210_perf005_flow_20260210_xvobg5_success.json,flow_20260210_xvobg5,allow,0.04550234,0.00000000,0.11375584,0.00000000,
logs\real_human\20260210_perf005_flow_20260210_y24ln2_success.json,flow_20260210_y24ln2,allow,0.04999250,0.00000000,0.12498126,0.00000000,
logs\real_human\20260210_perf006_flow_20260210_1cqeyt_success.json,flow_20260210_1cqeyt,allow,0.03104104,0.00000000,0.07760260,0.00000000,
logs\real_human\20260210_perf006_flow_20260210_1qbcka_success.json,flow_20260210_1qbcka,allow,0.13717128,0.00000000,0.34292819,0.00000000,
logs\real_human\20260210_perf006_flow_20260210_77bgga_success.json,flow_20260210_77bgga,allow,0.17159296,0.00000000,0.42898241,0.00000000,
logs\real_human\20260210_perf006_flow_20260210_7mfsfi_success.json,flow_20260210_7mfsfi,allow,0.07884088,0.00000000,0.19710219,0.00000000,
logs\real_human\20260210_perf006_flow_20260210_a7d51h_success.json,flow_20260210_a7d51h,allow,0.08527236,0.00000000,0.21318091,0.00000000,
logs\real_human\20260210_perf006_flow_20260210_ahevjz_success.json,flow_20260210_ahevjz,allow,0.06040723,0.00000000,0.15101806,0.00000000,
logs\real_human\20260210_perf006_flow_20260210_bhgom3_success.json,flow_20260210_bhgom3,allow,0.04008191,0.00000000,0.10020478,0.00000000,
logs\real_human\20260210_perf006_flow_20260210_ebn1wt_success.json,flow_20260210_ebn1wt,allow,0.03513483,0.00000000,0.08783709,0.00000000,
logs\real_human\20260210_perf006_flow_20260210_er1vpg_success.json,flow_20260210_er1vpg,allow,0.11976980,0.00000000,0.29942450,0.00000000,
logs\real_human\20260210_perf006_flow_20260210_g9xbex_success.json,flow_20260210_g9xbex,allow,0.07340565,0.00000000,0.18351412,0.00000000,
logs\real_human\20260210_perf006_flow_20260210_ggek2l_success.json,flow_20260210_ggek2l,allow,0.20087003,0.00000000,0.50217508,0.00000000,
logs\real_human\20260210_perf006_flow_20260210_mk6ism_success.json,flow_20260210_mk6ism,allow,0.06581555,0.00000000,0.16453888,0.00000000,
logs\real_human\20260210_perf006_flow_20260210_p12ukb_success.json,flow_20260210_p12ukb,allow,0.05604954,0.00000000,0.14012384,0.00000000,
logs\real_human\20260210_perf006_flow_20260210_tcycgq_success.json,flow_20260210_tcycgq,allow,0.05611553,0.00000000,0.14028883,0.00000000,
logs\real_human\20260210_perf006_flow_20260210_xc5qz2_success.json,flow_20260210_xc5qz2,allow,0.01124931,0.00000000,0.02812328,0.00000000,
logs\real_human\20260211_perf001_flow_20260211_1imofh_success.json,flow_20260211_1imofh,allow,0.09040328,0.00000000,0.22600820,0.00000000,
logs\real_human\20260211_perf001_flow_20260211_1w36yh_success.json,flow_20260211_1w36yh,allow,0.12252371,0.00000000,0.30630928,0.00000000,
logs\real_human\20260211_perf001_flow_20260211_3n0p04_success.json,flow_20260211_3n0p04,allow,0.15803469,0.00000000,0.39508673,0.00000000,
logs\real_human\20260211_perf001_flow_20260211_6yz1zp_success.json,flow_20260211_6yz1zp,allow,0.09524642,0.00000000,0.23811605,0.00000000,
logs\real_human\20260211_perf001_flow_20260211_76wk6m_success.json,flow_20260211_76wk6m,allow,0.09289114,0.00000000,0.23222784,0.00000000,
logs\real_human\20260211_perf001_flow_20260211_90lcrw_success.json,flow_20260211_90lcrw,allow,0.08730892,0.00000000,0.21827230,0.00000000,
logs\real_human\20260211_perf001_flow_20260211_9ue46t_success.json,flow_20260211_9ue46t,allow,0.06229653,0.00000000,0.15574131,0.00000000,
logs\real_human\20260211_perf001_flow_20260211_beua92_success.json,flow_20260211_beua92,allow,0.09424595,0.00000000,0.23561487,0.00000000,
logs\real_human\20260211_perf001_flow_20260211_cxytgn_success.json,flow_20260211_cxytgn,allow,0.11909318,0.00000000,0.29773295,0.00000000,
logs\real_human\20260211_perf001_flow_20260211_eq7yww_success.json,flow_20260211_eq7yww,allow,0.10546987,0.00000000,0.26367468,0.00000000,
logs\real_human\20260211_perf001_flow_20260211_eyh81l_success.json,flow_20260211_eyh81l,allow,0.11188971,0.00000000,0.27972427,0.00000000,
logs\real_human\20260211_perf001_flow_20260211_gln523_success.json,flow_20260211_gln523,allow,0.09859032,0.00000000,0.24647581,0.00000000,
logs\real_human\20260211_perf001_flow_20260211_oaqaeu_success.json,flow_20260211_oaqaeu,allow,0.07239915,0.00000000,0.18099787,0.00000000,
logs\real_human\20260211_perf001_flow_20260211_s8f996_success.json,flow_20260211_s8f996,allow,0.07427370,0.00000000,0.18568425,0.00000000,
logs\real_human\20260211_perf001_flow_20260211_sljhcu_success.json,flow_20260211_sljhcu,allow,0.06910330,0.00000000,0.17275824,0.00000000,
logs\real_human\20260211_perf001_flow_20260211_t81vux_success.json,flow_20260211_t81vux,allow,0.07317560,0.00000000,0.18293900,0.00000000,
logs\real_human\20260211_perf001_flow_20260211_wvk69a_success.json,flow_20260211_wvk69a,allow,0.08691244,0.00000000,0.21728109,0.00000000,
logs\real_human\20260211_perf002_flow_20260211_3q07f7_success.json,flow_20260211_3q07f7,allow,0.27487711,0.00000000,0.68719277,0.00000000,
logs\real_human\20260211_perf002_flow_20260211_49yiay_success.json,flow_20260211_49yiay,allow,0.07883353,0.00000000,0.19708382,0.00000000,
logs\real_human\20260211_perf002_flow_20260211_4i3du7_success.json,flow_20260211_4i3du7,allow,0.04197186,0.00000000,0.10492965,0.00000000,
logs\real_human\20260211_perf002_flow_20260211_6qsxky_success.json,flow_20260211_6qsxky,allow,0.09766497,0.00000000,0.24416243,0.00000000,
logs\real_human\20260211_perf002_flow_20260211_9hfyv6_success.json,flow_20260211_9hfyv6,allow,0.16905401,0.00000000,0.42263502,0.00000000,
logs\real_human\20260211_perf002_flow_20260211_cpwaqn_success.json,flow_20260211_cpwaqn,allow,0.06799996,0.00000000,0.16999990,0.00000000,
logs\real_human\20260211_perf002_flow_20260211_csikm7_success.json,flow_20260211_csikm7,allow,0.12925475,0.00000000,0.32313687,0.00000000,
logs\real_human\20260211_perf002_flow_20260211_d0zpsc_success.json,flow_20260211_d0zpsc,allow,0.07655957,0.00000000,0.19139891,0.00000000,
logs\real_human\20260211_perf002_flow_20260211_e149fu_success.json,flow_20260211_e149fu,allow,0.10004907,0.00000000,0.25012266,0.00000000,
logs\real_human\20260211_perf002_flow_20260211_lt6dlp_success.json,flow_20260211_lt6dlp,allow,0.13513142,0.00000000,0.33782855,0.00000000,
logs\real_human\20260211_perf002_flow_20260211_nodh5u_success.json,flow_20260211_nodh5u,allow,0.12518258,0.00000000,0.31295644,0.00000000,
logs\real_human\20260211_perf002_flow_20260211_qzf159_success.json,flow_20260211_qzf159,allow,0.10025783,0.00000000,0.25064458,0.00000000,
logs\real_human\20260211_perf002_flow_20260211_ryj27x_success.json,flow_20260211_ryj27x,allow,0.15463670,0.00000000,0.38659176,0.00000000,
logs\real_human\20260211_perf002_flow_20260211_tvt0zr_success.json,flow_20260211_tvt0zr,allow,0.09432465,0.00000000,0.23581163,0.00000000,
logs\real_human\20260211_perf002_flow_20260211_uyasfs_success.json,flow_20260211_uyasfs,allow,0.09413393,0.00000000,0.23533483,0.00000000,
logs\real_human\20260211_perf002_flow_20260211_xjh7dz_success.json,flow_20260211_xjh7dz,allow,0.10516462,0.00000000,0.26291154,0.00000000,
logs\real_human\20260211_perf003_flow_20260211_2852t2_success.json,flow_20260211_2852t2,allow,0.06007506,0.00000000,0.15018765,0.00000000,
logs\real_human\20260211_perf003_flow_20260211_2bisfh_success.json,flow_20260211_2bisfh,allow,0.12502347,0.00000000,0.31255868,0.00000000,
logs\real_human\20260211_perf003_flow_20260211_5q5lwt_success.json,flow_20260211_5q5lwt,allow,0.05019917,0.00000000,0.12549792,0.00000000,
logs\real_human\20260211_perf003_flow_20260211_7n5d8s_success.json,flow_20260211_7n5d8s,allow,0.11346932,0.00000000,0.28367331,0.00000000,
logs\real_human\20260211_perf003_flow_20260211_foznbx_success.json,flow_20260211_foznbx,allow,0.05979738,0.00000000,0.14949345,0.00000000,
logs\real_human\20260211_perf003_flow_20260211_gfr6zp_success.json,flow_20260211_gfr6zp,allow,0.11221150,0.00000000,0.28052875,0.00000000,
logs\real_human\20260211_perf003_flow_20260211_h5h1pe_success.json,flow_20260211_h5h1pe,allow,0.08981197,0.00000000,0.22452993,0.00000000,
logs\real_human\20260211_perf003_flow_20260211_hb6196_success.json,flow_20260211_hb6196,allow,0.13112021,0.00000000,0.32780054,0.00000000,
logs\real_human\20260211_perf003_flow_20260211_kquzfj_success.json,flow_20260211_kquzfj,allow,0.15466428,0.00000000,0.38666069,0.00000000,
logs\real_human\20260211_perf003_flow_20260211_l2al30_success.json,flow_20260211_l2al30,allow,0.09738270,0.00000000,0.24345674,0.00000000,
logs\real_human\20260211_perf003_flow_20260211_lbya7j_success.json,flow_20260211_lbya7j,allow,0.08866632,0.00000000,0.22166580,0.00000000,
logs\real_human\20260211_perf003_flow_20260211_q9uesd_success.json,flow_20260211_q9uesd,allow,0.08497996,0.00000000,0.21244989,0.00000000,
logs\real_human\20260211_perf003_flow_20260211_v76vn5_success.json,flow_20260211_v76vn5,allow,0.06546724,0.00000000,0.16366811,0.00000000,
logs\real_human\20260211_perf003_flow_20260211_wkwtl3_success.json,flow_20260211_wkwtl3,allow,0.11808965,0.00000000,0.29522412,0.00000000,
logs\real_human\20260211_perf003_flow_20260211_z4ipa5_success.json,flow_20260211_z4ipa5,allow,0.19229799,0.00000000,0.48074497,0.00000000,
logs\real_human\20260211_perf004_flow_20260211_54gpag_success.json,flow_20260211_54gpag,allow,0.11467959,0.00000000,0.28669898,0.00000000,
logs\real_human\20260211_perf004_flow_20260211_7fhin9_success.json,flow_20260211_7fhin9,allow,0.09052124,0.00000000,0.22630311,0.00000000,
logs\real_human\20260211_perf004_flow_20260211_9kmayk_success.json,flow_20260211_9kmayk,allow,0.04175351,0.00000000,0.10438376,0.00000000,
logs\real_human\20260211_perf004_flow_20260211_ajjwpn_success.json,flow_20260211_ajjwpn,allow,0.10303725,0.00000000,0.25759313,0.00000000,
logs\real_human\20260211_perf004_flow_20260211_ao34nu_success.json,flow_20260211_ao34nu,allow,0.23365254,0.00000000,0.58413136,0.00000000,
logs\real_human\20260211_perf004_flow_20260211_dety5r_success.json,flow_20260211_dety5r,allow,0.09617955,0.00000000,0.24044886,0.00000000,
logs\real_human\20260211_perf004_flow_20260211_dkzu9x_success.json,flow_20260211_dkzu9x,allow,0.09143208,0.00000000,0.22858019,0.00000000,
logs\real_human\20260211_perf004_flow_20260211_dx8thl_success.json,flow_20260211_dx8thl,allow,0.09665992,0.00000000,0.24164980,0.00000000,
logs\real_human\20260211_perf004_flow_20260211_dxpw4t_success.json,flow_20260211_dxpw4t,allow,0.08914402,0.00000000,0.22286005,0.00000000,
logs\real_human\20260211_perf004_flow_20260211_k4y6dl_success.json,flow_20260211_k4y6dl,allow,0.07461678,0.00000000,0.18654196,0.00000000,
logs\real_human\20260211_perf004_flow_20260211_og0j1s_success.json,flow_20260211_og0j1s,allow,0.06781050,0.00000000,0.16952626,0.00000000,
logs\real_human\20260211_perf004_flow_20260211_p8azot_success.json,flow_20260211_p8azot,allow,0.04892562,0.00000000,0.12231405,0.00000000,
logs\real_human\20260211_perf004_flow_20260211_pcmk63_success.json,flow_20260211_pcmk63,allow,0.12192728,0.00000000,0.30481821,0.00000000,
logs\real_human\20260211_perf004_flow_20260211_tv4yfs_success.json,flow_20260211_tv4yfs,allow,0.09450149,0.00000000,0.23625373,0.00000000,
logs\real_human\20260211_perf004_flow_20260211_u42oif_success.json,flow_20260211_u42oif,allow,0.10046986,0.00000000,0.25117464,0.00000000,
logs\real_human\20260211_perf004_flow_20260211_wgagva_success.json,flow_20260211_wgagva,allow,0.09084872,0.00000000,0.22712179,0.00000000,
logs\real_human\20260211_perf005_flow_20260211_7yh3oy_success.json,flow_20260211_7yh3oy,allow,0.05689413,0.00000000,0.14223533,0.00000000,
logs\real_human\20260211_perf005_flow_20260211_b37p1z_success.json,flow_20260211_b37p1z,allow,0.05648915,0.00000000,0.14122288,0.00000000,
logs\real_human\20260211_perf005_flow_20260211_fdnbk0_success.json,flow_20260211_fdnbk0,allow,0.07938031,0.00000000,0.19845079,0.00000000,
logs\real_human\20260211_perf005_flow_20260211_j7y1f6_success.json,flow_20260211_j7y1f6,allow,0.20372685,0.00000000,0.50931712,0.00000000,
logs\real_human\20260211_perf005_flow_20260211_khsak0_success.json,flow_20260211_khsak0,allow,0.09039475,0.00000000,0.22598689,0.00000000,
logs\real_human\20260211_perf005_flow_20260211_lpg7iv_success.json,flow_20260211_lpg7iv,allow,0.20338349,0.00000000,0.50845873,0.00000000,
logs\real_human\20260211_perf005_flow_20260211_m4nunl_success.json,flow_20260211_m4nunl,allow,0.12437648,0.00000000,0.31094120,0.00000000,
logs\real_human\20260211_perf005_flow_20260211_nl72y5_success.json,flow_20260211_nl72y5,allow,0.08471017,0.00000000,0.21177543,0.00000000,
logs\real_human\20260211_perf005_flow_20260211_robe89_success.json,flow_20260211_robe89,allow,0.06263845,0.00000000,0.15659613,0.00000000,
logs\real_human\20260211_perf005_flow_20260211_s5dysh_success.json,flow_20260211_s5dysh,allow,0.09235845,0.00000000,0.23089612,0.00000000,
logs\real_human\20260211_perf005_flow_20260211_uluyxt_success.json,flow_20260211_uluyxt,allow,0.07594885,0.00000000,0.18987213,0.00000000,
logs\real_human\20260211_perf005_flow_20260211_w77v6g_success.json,flow_20260211_w77v6g,allow,0.10350962,0.00000000,0.25877406,0.00000000,
logs\real_human\20260211_perf006_flow_20260211_1uphrh_success.json,flow_20260211_1uphrh,allow,0.08849376,0.00000000,0.22123441,0.00000000,
logs\real_human\20260211_perf006_flow_20260211_3ivs4z_success.json,flow_20260211_3ivs4z,allow,0.11142898,0.00000000,0.27857246,0.00000000,
logs\real_human\20260211_perf006_flow_20260211_3j3p1o_success.json,flow_20260211_3j3p1o,allow,0.06232254,0.00000000,0.15580635,0.00000000,
logs\real_human\20260211_perf006_flow_20260211_4mlk48_success.json,flow_20260211_4mlk48,allow,0.16936721,0.00000000,0.42341802,0.00000000,
logs\real_human\20260211_perf006_flow_20260211_4p0b0z_success.json,flow_20260211_4p0b0z,allow,0.08672001,0.00000000,0.21680002,0.00000000,
logs\real_human\20260211_perf006_flow_20260211_8jfxya_success.json,flow_20260211_8jfxya,allow,0.12448711,0.00000000,0.31121779,0.00000000,
logs\real_human\20260211_perf006_flow_20260211_8trvro_success.json,flow_20260211_8trvro,allow,0.11596315,0.00000000,0.28990788,0.00000000,
logs\real_human\20260211_perf006_flow_20260211_9u6esq_success.json,flow_20260211_9u6esq,allow,0.10798426,0.00000000,0.26996065,0.00000000,
logs\real_human\20260211_perf006_flow_20260211_h8av2i_success.json,flow_20260211_h8av2i,allow,0.11879328,0.00000000,0.29698320,0.00000000,
logs\real_human\20260211_perf006_flow_20260211_hdzdfa_success.json,flow_20260211_hdzdfa,allow,0.19141275,0.00000000,0.47853187,0.00000000,
logs\real_human\20260211_perf006_flow_20260211_i030pw_success.json,flow_20260211_i030pw,allow,0.07160511,0.00000000,0.17901278,0.00000000,
logs\real_human\20260211_perf006_flow_20260211_jrrse1_success.json,flow_20260211_jrrse1,allow,0.09204829,0.00000000,0.23012073,0.00000000,
logs\real_human\20260211_perf006_flow_20260211_nz05ci_success.json,flow_20260211_nz05ci,allow,0.14606583,0.00000000,0.36516457,0.00000000,
logs\real_human\20260211_perf006_flow_20260211_uyp989_success.json,flow_20260211_uyp989,allow,0.10302532,0.00000000,0.25756331,0.00000000,
logs\real_human\20260211_perf006_flow_20260211_v86iaa_success.json,flow_20260211_v86iaa,allow,0.09688907,0.00000000,0.24222267,0.00000000,
logs\real_human\20260211_perf006_flow_20260211_x3vrxd_success.json,flow_20260211_x3vrxd,allow,0.10363885,0.00000000,0.25909712,0.00000000,
logs\real_human\20260211_perf006_flow_20260211_x93xfm_success.json,flow_20260211_x93xfm,allow,0.12814725,0.00000000,0.32036814,0.00000000,
logs\real_human\20260211_perf007_flow_20260211_4zr3kh_success.json,flow_20260211_4zr3kh,allow,0.09693271,0.00000000,0.24233177,0.00000000,
logs\real_human\20260211_perf007_flow_20260211_6zu81v_success.json,flow_20260211_6zu81v,allow,0.06711598,0.00000000,0.16778994,0.00000000,
logs\real_human\20260211_perf007_flow_20260211_e2rvee_success.json,flow_20260211_e2rvee,allow,0.14174007,0.00000000,0.35435017,0.00000000,
logs\real_human\20260211_perf007_flow_20260211_ejyc15_success.json,flow_20260211_ejyc15,allow,0.05640754,0.00000000,0.14101884,0.00000000,
logs\real_human\20260211_perf007_flow_20260211_irmby0_success.json,flow_20260211_irmby0,allow,0.06143837,0.00000000,0.15359592,0.00000000,
logs\real_human\20260211_perf007_flow_20260211_jduo9j_success.json,flow_20260211_jduo9j,allow,0.06797732,0.00000000,0.16994330,0.00000000,
logs\real_human\20260211_perf007_flow_20260211_qq5re4_success.json,flow_20260211_qq5re4,allow,0.07312244,0.00000000,0.18280611,0.00000000,
logs\real_human\20260211_perf007_flow_20260211_rh1upm_success.json,flow_20260211_rh1upm,allow,0.07829596,0.00000000,0.19573989,0.00000000,
logs\real_human\20260211_perf007_flow_20260211_vscewr_success.json,flow_20260211_vscewr,allow,0.09112299,0.00000000,0.22780746,0.00000000,
logs\real_human\20260211_perf007_flow_20260211_xbqiat_success.json,flow_20260211_xbqiat,allow,0.13421709,0.00000000,0.33554272,0.00000000,
logs\real_human\20260211_perf007_flow_20260211_zwlr0x_success.json,flow_20260211_zwlr0x,allow,0.07644062,0.00000000,0.19110155,0.00000000,
logs\real_human\20260211_perf008_flow_20260211_3f59an_success.json,flow_20260211_3f59an,allow,0.14430186,0.00000000,0.36075464,0.00000000,
logs\real_human\20260211_perf008_flow_20260211_3tssnl_success.json,flow_20260211_3tssnl,allow,0.12222385,0.00000000,0.30555963,0.00000000,
logs\real_human\20260211_perf008_flow_20260211_3u2ljj_success.json,flow_20260211_3u2ljj,allow,0.10459302,0.00000000,0.26148255,0.00000000,
logs\real_human\20260211_perf008_flow_20260211_agu0qt_success.json,flow_20260211_agu0qt,allow,0.08101763,0.00000000,0.20254408,0.00000000,
logs\real_human\20260211_perf008_flow_20260211_fevquw_success.json,flow_20260211_fevquw,allow,0.10256664,0.00000000,0.25641659,0.00000000,
logs\real_human\20260211_perf008_flow_20260211_huyuj7_success.json,flow_20260211_huyuj7,allow,0.05938251,0.00000000,0.14845627,0.00000000,
logs\real_human\20260211_perf008_flow_20260211_i3b0ia_success.json,flow_20260211_i3b0ia,allow,0.07581321,0.00000000,0.18953303,0.00000000,
logs\real_human\20260211_perf008_flow_20260211_k4ey0c_success.json,flow_20260211_k4ey0c,allow,0.07615483,0.00000000,0.19038707,0.00000000,
logs\real_human\20260211_perf008_flow_20260211_mkkxv3_success.json,flow_20260211_mkkxv3,allow,0.06449606,0.00000000,0.16124015,0.00000000,
logs\real_human\20260211_perf008_flow_20260211_p1hjre_success.json,flow_20260211_p1hjre,allow,0.06234320,0.00000000,0.15585801,0.00000000,
logs\real_human\20260211_perf008_flow_20260211_qnfr34_success.json,flow_20260211_qnfr34,allow,0.05759072,0.00000000,0.14397679,0.00000000,
logs\real_human\20260211_perf008_flow_20260211_s76xp7_success.json,flow_20260211_s76xp7,allow,0.11622953,0.00000000,0.29057383,0.00000000,
logs\real_human\20260211_perf008_flow_20260211_uibg81_success.json,flow_20260211_uibg81,allow,0.05116794,0.00000000,0.12791986,0.00000000,
logs\real_human\20260211_perf009_flow_20260211_1kow1b_success.json,flow_20260211_1kow1b,allow,0.06549361,0.00000000,0.16373402,0.00000000,
logs\real_human\20260211_perf009_flow_20260211_23ux8t_success.json,flow_20260211_23ux8t,allow,0.05677332,0.00000000,0.14193330,0.00000000,
logs\real_human\20260211_perf009_flow_20260211_3lebkx_success.json,flow_20260211_3lebkx,allow,0.13527748,0.00000000,0.33819369,0.00000000,
logs\real_human\20260211_perf009_flow_20260211_4a3q8i_success.json,flow_20260211_4a3q8i,allow,0.07720209,0.00000000,0.19300522,0.00000000,
logs\real_human\20260211_perf009_flow_20260211_4kdw7f_success.json,flow_20260211_4kdw7f,allow,0.11340446,0.00000000,0.28351115,0.00000000,
logs\real_human\20260211_perf009_flow_20260211_anj3tt_success.json,flow_20260211_anj3tt,allow,0.22991177,0.00000000,0.57477942,0.00000000,
logs\real_human\20260211_perf009_flow_20260211_ctacl5_success.json,flow_20260211_ctacl5,allow,0.08754713,0.00000000,0.21886782,0.00000000,
logs\real_human\20260211_perf009_flow_20260211_husaj3_success.json,flow_20260211_husaj3,allow,0.10919013,0.00000000,0.27297532,0.00000000,
logs\real_human\20260211_perf009_flow_20260211_hxtqpv_success.json,flow_20260211_hxtqpv,allow,0.09810120,0.00000000,0.24525299,0.00000000,
logs\real_human\20260211_perf009_flow_20260211_k0gv5p_success.json,flow_20260211_k0gv5p,allow,0.18050453,0.00000000,0.45126132,0.00000000,
logs\real_human\20260211_perf009_flow_20260211_l8erq3_success.json,flow_20260211_l8erq3,allow,0.09738312,0.00000000,0.24345781,0.00000000,
logs\real_human\20260211_perf009_flow_20260211_ny60rf_success.json,flow_20260211_ny60rf,allow,0.05021224,0.00000000,0.12553060,0.00000000,
logs\real_human\20260211_perf009_flow_20260211_zz13aa_success.json,flow_20260211_zz13aa,allow,0.05185690,0.00000000,0.12964224,0.00000000,
logs\real_human\20260211_perf010_flow_20260211_cdjogn_success.json,flow_20260211_cdjogn,allow,0.04682539,0.00000000,0.11706347,0.00000000,
logs\real_human\20260211_perf010_flow_20260211_dl7wqa_success.json,flow_20260211_dl7wqa,allow,0.06531316,0.00000000,0.16328291,0.00000000,
logs\real_human\20260211_perf010_flow_20260211_f1lr3u_success.json,flow_20260211_f1lr3u,allow,0.07910409,0.00000000,0.19776023,0.00000000,
logs\real_human\20260211_perf010_flow_20260211_mtatiq_success.json,flow_20260211_mtatiq,allow,0.06575050,0.00000000,0.16437624,0.00000000,
logs\real_human\20260211_perf010_flow_20260211_r3cqxq_success.json,flow_20260211_r3cqxq,allow,0.06305084,0.00000000,0.15762711,0.00000000,
logs\real_human\20260211_perf010_flow_20260211_s67fum_success.json,flow_20260211_s67fum,allow,0.10246007,0.00000000,0.25615018,0.00000000,
logs\real_human\20260211_perf010_flow_20260211_thvmfx_success.json,flow_20260211_thvmfx,allow,0.12430395,0.00000000,0.31075987,0.00000000,
logs\real_human\20260211_perf010_flow_20260211_v95e85_success.json,flow_20260211_v95e85,allow,0.08048989,0.00000000,0.20122472,0.00000000,
logs\real_human\20260211_perf010_flow_20260211_vi8zsd_success.json,flow_20260211_vi8zsd,allow,0.09905785,0.00000000,0.24764464,0.00000000,
logs\real_human\20260211_perf010_flow_20260211_xs8xi9_success.json,flow_20260211_xs8xi9,allow,0.07435565,0.00000000,0.18588914,0.00000000,
logs\real_human\20260211_perf010_flow_20260211_ztgar0_success.json,flow_20260211_ztgar0,allow,0.10834138,0.00000000,0.27085345,0.00000000,
logs\real_human\20260211_perf011_flow_20260211_0pap41_success.json,flow_20260211_0pap41,allow,0.12140814,0.00000000,0.30352034,0.00000000,
logs\real_human\20260211_perf011_flow_20260211_19qn2c_success.json,flow_20260211_19qn2c,allow,0.10929932,0.00000000,0.27324831,0.00000000,
logs\real_human\20260211_perf011_flow_20260211_473oq9_success.json,flow_20260211_473oq9,allow,0.08397723,0.00000000,0.20994307,0.00000000,
logs\real_human\20260211_perf011_flow_20260211_d3g40w_success.json,flow_20260211_d3g40w,allow,0.10558428,0.00000000,0.26396071,0.00000000,
logs\real_human\20260211_perf011_flow_20260211_d8s1vy_success.json,flow_20260211_d8s1vy,allow,0.19687053,0.00000000,0.49217633,0.00000000,
logs\real_human\20260211_perf011_flow_20260211_h90u17_success.json,flow_20260211_h90u17,allow,0.11034012,0.00000000,0.27585029,0.00000000,
logs\real_human\20260211_perf011_flow_20260211_ibzk63_success.json,flow_20260211_ibzk63,allow,0.08162186,0.00000000,0.20405465,0.00000000,
logs\real_human\20260211_perf011_flow_20260211_imw8n7_success.json,flow_20260211_imw8n7,allow,0.06109925,0.00000000,0.15274814,0.00000000,
logs\real_human\20260211_perf011_flow_20260211_oldvy4_success.json,flow_20260211_oldvy4,allow,0.09555055,0.00000000,0.23887636,0.00000000,
logs\real_human\20260211_perf011_flow_20260211_s3e0ea_success.json,flow_20260211_s3e0ea,allow,0.08666910,0.00000000,0.21667275,0.00000000,
logs\real_human\20260211_perf011_flow_20260211_t11pmu_success.json,flow_20260211_t11pmu,allow,0.07405981,0.00000000,0.18514953,0.00000000,
logs\real_human\20260211_perf011_flow_20260211_zxxiw1_success.json,flow_20260211_zxxiw1,allow,0.11848808,0.00000000,0.29622020,0.00000000,
logs\real_human\20260211_perf012_flow_20260211_8mnlql_success.json,flow_20260211_8mnlql,allow,0.10835275,0.00000000,0.27088187,0.00000000,
logs\real_human\20260211_perf012_flow_20260211_b4144n_success.json,flow_20260211_b4144n,allow,0.07076963,0.00000000,0.17692406,0.00000000,
logs\real_human\20260211_perf012_flow_20260211_ccze64_success.json,flow_20260211_ccze64,allow,0.09990377,0.00000000,0.24975942,0.00000000,
logs\real_human\20260211_perf012_flow_20260211_hn3597_success.json,flow_20260211_hn3597,allow,0.13371422,0.00000000,0.33428554,0.00000000,
logs\real_human\20260211_perf012_flow_20260211_ia171v_success.json,flow_20260211_ia171v,allow,0.12327408,0.00000000,0.30818521,0.00000000,
logs\real_human\20260211_perf012_flow_20260211_izenuk_success.json,flow_20260211_izenuk,allow,0.08945633,0.00000000,0.22364082,0.00000000,
logs\real_human\20260211_perf012_flow_20260211_l5162f_success.json,flow_20260211_l5162f,allow,0.08280594,0.00000000,0.20701485,0.00000000,
logs\real_human\20260211_perf012_flow_20260211_nc0aav_success.json,flow_20260211_nc0aav,allow,0.09179865,0.00000000,0.22949663,0.00000000,
logs\real_human\20260211_perf012_flow_20260211_nzqmre_success.json,flow_20260211_nzqmre,allow,0.07649228,0.00000000,0.19123070,0.00000000,
logs\real_human\20260211_perf012_flow_20260211_p7fc2l_success.json,flow_20260211_p7fc2l,allow,0.19245788,0.00000000,0.48114470,0.00000000,
logs\real_human\20260211_perf012_flow_20260211_pwh9el_success.json,flow_20260211_pwh9el,allow,0.17701198,0.00000000,0.44252995,0.00000000,
logs\real_human\20260211_perf012_flow_20260211_u9nn7p_success.json,flow_20260211_u9nn7p,allow,0.13453658,0.00000000,0.33634144,0.00000000,
logs\real_human\20260211_perf012_flow_20260211_uhe8v5_success.json,flow_20260211_uhe8v5,allow,0.06095189,0.00000000,0.15237973,0.00000000,
logs\real_human\20260211_perf012_flow_20260211_v14hd9_success.json,flow_20260211_v14hd9,allow,0.07412298,0.00000000,0.18530745,0.00000000,
logs\real_human\20260211_perf012_flow_20260211_wteetu_success.json,flow_20260211_wteetu,allow,0.15955751,0.00000000,0.39889377,0.00000000,
logs\real_human\20260211_perf013_flow_20260211_2gqgmj_success.json,flow_20260211_2gqgmj,allow,0.09815796,0.00000000,0.24539489,0.00000000,
logs\real_human\20260211_perf013_flow_20260211_5loigj_success.json,flow_20260211_5loigj,allow,0.09474584,0.00000000,0.23686460,0.00000000,
logs\real_human\20260211_perf013_flow_20260211_7w9snp_success.json,flow_20260211_7w9snp,allow,0.09995311,0.00000000,0.24988277,0.00000000,
logs\real_human\20260211_perf013_flow_20260211_b5ys4f_success.json,flow_20260211_b5ys4f,allow,0.10931496,0.00000000,0.27328741,0.00000000,
logs\real_human\20260211_perf013_flow_20260211_bphov4_success.json,flow_20260211_bphov4,allow,0.07934567,0.00000000,0.19836419,0.00000000,
logs\real_human\20260211_perf013_flow_20260211_cpxppa_success.json,flow_20260211_cpxppa,allow,0.10060290,0.00000000,0.25150725,0.00000000,
logs\real_human\20260211_perf013_flow_20260211_fql6oy_success.json,flow_20260211_fql6oy,allow,0.11957813,0.00000000,0.29894533,0.00000000,
logs\real_human\20260211_perf013_flow_20260211_ncgztz_success.json,flow_20260211_ncgztz,allow,0.05834530,0.00000000,0.14586325,0.00000000,
logs\real_human\20260211_perf013_flow_20260211_qncosd_success.json,flow_20260211_qncosd,allow,0.05705916,0.00000000,0.14264790,0.00000000,
logs\real_human\20260211_perf013_flow_20260211_qwip5d_success.json,flow_20260211_qwip5d,allow,0.08443516,0.00000000,0.21108790,0.00000000,
logs\real_human\20260211_perf013_flow_20260211_vh3wm7_success.json,flow_20260211_vh3wm7,allow,0.12396704,0.00000000,0.30991761,0.00000000,
logs\real_human\20260211_perf013_flow_20260211_w148ii_success.json,flow_20260211_w148ii,allow,0.09220562,0.00000000,0.23051405,0.00000000,
logs\real_human\20260211_perf014_flow_20260211_0n4q4n_success.json,flow_20260211_0n4q4n,allow,0.07535041,0.00000000,0.18837604,0.00000000,
logs\real_human\20260211_perf014_flow_20260211_1ibzbh_success.json,flow_20260211_1ibzbh,allow,0.12909185,0.00000000,0.32272962,0.00000000,
logs\real_human\20260211_perf014_flow_20260211_1rpugo_success.json,flow_20260211_1rpugo,allow,0.10433412,0.00000000,0.26083531,0.00000000,
logs\real_human\20260211_perf014_flow_20260211_6svids_success.json,flow_20260211_6svids,allow,0.08020390,0.00000000,0.20050976,0.00000000,
logs\real_human\20260211_perf014_flow_20260211_88p8mk_success.json,flow_20260211_88p8mk,allow,0.11012995,0.00000000,0.27532488,0.00000000,
logs\real_human\20260211_perf014_flow_20260211_e9ov3p_success.json,flow_20260211_e9ov3p,allow,0.10336156,0.00000000,0.25840389,0.00000000,
logs\real_human\20260211_perf014_flow_20260211_g9w2f3_success.json,flow_20260211_g9w2f3,allow,0.05848488,0.00000000,0.14621220,0.00000000,
logs\real_human\20260211_perf014_flow_20260211_gg8nc6_success.json,flow_20260211_gg8nc6,allow,0.05984834,0.00000000,0.14962086,0.00000000,
logs\real_human\20260211_perf014_flow_20260211_oelihr_success.json,flow_20260211_oelihr,allow,0.06638556,0.00000000,0.16596390,0.00000000,
logs\real_human\20260211_perf014_flow_20260211_txarhd_success.json,flow_20260211_txarhd,allow,0.09472614,0.00000000,0.23681534,0.00000000,
logs\real_human\20260211_perf014_flow_20260211_x0kwmv_success.json,flow_20260211_x0kwmv,allow,0.10095887,0.00000000,0.25239717,0.00000000,
logs\real_human\20260211_perf014_flow_20260211_xhbiso_success.json,flow_20260211_xhbiso,allow,0.04761128,0.00000000,0.11902821,0.00000000,
logs\real_human\20260211_perf014_flow_20260211_xpqlih_success.json,flow_20260211_xpqlih,allow,0.11130581,0.00000000,0.27826451,0.00000000,
logs\real_human\20260211_perf014_flow_20260211_ygvybm_success.json,flow_20260211_ygvybm,allow,0.06289665,0.00000000,0.15724162,0.00000000,
logs\real_human\20260211_perf015_flow_20260211_0qo9r3_success.json,flow_20260211_0qo9r3,allow,0.06542992,0.00000000,0.16357479,0.00000000,
logs\real_human\20260211_perf015_flow_20260211_1azmu9_success.json,flow_20260211_1azmu9,allow,0.15110282,0.00000000,0.37775705,0.00000000,
logs\real_human\20260211_perf015_flow_20260211_2rqt04_success.json,flow_20260211_2rqt04,allow,0.04527814,0.00000000,0.11319536,0.00000000,
logs\real_human\20260211_perf015_flow_20260211_7t11eu_success.json,flow_20260211_7t11eu,allow,0.09562025,0.00000000,0.23905062,0.00000000,
logs\real_human\20260211_perf015_flow_20260211_8h9kh9_success.json,flow_20260211_8h9kh9,allow,0.09410037,0.00000000,0.23525093,0.00000000,
logs\real_human\20260211_perf015_flow_20260211_bnly1e_success.json,flow_20260211_bnly1e,allow,0.13130969,0.00000000,0.32827423,0.00000000,
logs\real_human\20260211_perf015_flow_20260211_cnfegp_success.json,flow_20260211_cnfegp,allow,0.15289102,0.00000000,0.38222756,0.00000000,
logs\real_human\20260211_perf015_flow_20260211_i3kq91_success.json,flow_20260211_i3kq91,allow,0.08296686,0.00000000,0.20741715,0.00000000,
logs\real_human\20260211_perf015_flow_20260211_i5am1q_success.json,flow_20260211_i5am1q,allow,0.10366402,0.00000000,0.25916005,0.00000000,
logs\real_human\20260211_perf015_flow_20260211_odjusg_success.json,flow_20260211_odjusg,allow,0.10378945,0.00000000,0.25947363,0.00000000,
logs\real_human\20260211_perf015_flow_20260211_rz82tq_success.json,flow_20260211_rz82tq,allow,0.13188465,0.00000000,0.32971162,0.00000000,
logs\real_human\20260211_perf015_flow_20260211_v3otrr_success.json,flow_20260211_v3otrr,allow,0.06871632,0.00000000,0.17179080,0.00000000,
logs\real_human\20260211_perf015_flow_20260211_zdwec8_success.json,flow_20260211_zdwec8,allow,0.05871577,0.00000000,0.14678943,0.00000000,
logs\real_human\20260212_perf001_flow_20260212_0umqz1_success.json,flow_20260212_0umqz1,challenge,0.35475351,0.00000000,0.88688379,0.00000000,
logs\real_human\20260212_perf002_flow_20260212_mn84nf_success.json,flow_20260212_mn84nf,allow,0.09308856,0.00000000,0.23272139,0.00000000,
logs\real_human\20260212_perf002_flow_20260212_w28tga_success.json,flow_20260212_w28tga,allow,0.09905660,0.00000000,0.24764150,0.00000000,
logs\real_human\20260212_perf002_flow_20260212_wtihm5_success.json,flow_20260212_wtihm5,allow,0.02547477,0.00000000,0.06368693,0.00000000,
logs\real_human\20260212_perf003_flow_20260212_7po7ec_success.json,flow_20260212_7po7ec,allow,0.09825483,0.00000000,0.24563706,0.00000000,
logs\real_human\20260212_perf003_flow_20260212_8ut6i5_success.json,flow_20260212_8ut6i5,allow,0.19492508,0.00000000,0.48731270,0.00000000,
logs\real_human\20260212_perf003_flow_20260212_ogrjuc_success.json,flow_20260212_ogrjuc,allow,0.24621486,0.00000000,0.61553715,0.00000000,
logs\real_human\20260212_perf003_flow_20260212_wu0r9a_success.json,flow_20260212_wu0r9a,allow,0.05167355,0.00000000,0.12918387,0.00000000,
logs\real_human\20260212_perf004_flow_20260212_19c593_success.json,flow_20260212_19c593,allow,0.14437997,0.00000000,0.36094993,0.00000000,
logs\real_human\20260212_perf004_flow_20260212_k2p1gp_success.json,flow_20260212_k2p1gp,allow,0.10170258,0.00000000,0.25425646,0.00000000,
logs\real_human\20260212_perf004_flow_20260212_mdeqkf_success.json,flow_20260212_mdeqkf,allow,0.07876972,0.00000000,0.19692430,0.00000000,
logs\real_human\20260212_perf004_flow_20260212_rtx8vb_success.json,flow_20260212_rtx8vb,allow,0.19565773,0.00000000,0.48914432,0.00000000,
logs\real_human\20260212_perf004_flow_20260212_zsromu_success.json,flow_20260212_zsromu,allow,0.08596272,0.00000000,0.21490679,0.00000000,
logs\real_human\20260212_perf005_flow_20260212_1qhxmr_success.json,flow_20260212_1qhxmr,allow,0.10919054,0.00000000,0.27297635,0.00000000,
logs\real_human\20260212_perf005_flow_20260212_4m9btp_success.json,flow_20260212_4m9btp,allow,0.15449336,0.00000000,0.38623340,0.00000000,
logs\real_human\20260212_perf005_flow_20260212_4z5p7b_success.json,flow_20260212_4z5p7b,allow,0.07746639,0.00000000,0.19366598,0.00000000,
logs\real_human\20260212_perf005_flow_20260212_ahi6we_success.json,flow_20260212_ahi6we,allow,0.06259887,0.00000000,0.15649718,0.00000000,
logs\real_human\20260212_perf005_flow_20260212_cwu2sk_success.json,flow_20260212_cwu2sk,allow,0.13021426,0.00000000,0.32553566,0.00000000,
logs\real_human\20260212_perf005_flow_20260212_e7lppx_success.json,flow_20260212_e7lppx,allow,0.17694746,0.00000000,0.44236864,0.00000000,
logs\real_human\20260212_perf005_flow_20260212_qn28hk_success.json,flow_20260212_qn28hk,allow,0.14522244,0.00000000,0.36305611,0.00000000,
logs\real_human\20260212_perf005_flow_20260212_x1hu2q_success.json,flow_20260212_x1hu2q,allow,0.01576000,0.00000000,0.03940000,0.00000000,
logs\real_human\20260212_perf006_flow_20260212_3g6u2m_success.json,flow_20260212_3g6u2m,allow,0.02629945,0.00000000,0.06574862,0.00000000,
logs\real_human\20260212_perf006_flow_20260212_3js5h2_success.json,flow_20260212_3js5h2,allow,0.14916507,0.00000000,0.37291267,0.00000000,
logs\real_human\20260212_perf006_flow_20260212_geysmv_success.json,flow_20260212_geysmv,allow,0.17731183,0.00000000,0.44327957,0.00000000,
logs\real_human\20260212_perf006_flow_20260212_ubda3m_success.json,flow_20260212_ubda3m,allow,0.10069764,0.00000000,0.25174411,0.00000000,
logs\real_human\20260212_perf006_flow_20260212_v7d2pp_success.json,flow_20260212_v7d2pp,allow,0.10476183,0.00000000,0.26190458,0.00000000,
logs\real_human\20260212_perf007_flow_20260212_6l6hzs_success.json,flow_20260212_6l6hzs,allow,0.22276369,0.00000000,0.55690921,0.00000000,
logs\real_human\20260212_perf007_flow_20260212_ey4u76_success.json,flow_20260212_ey4u76,allow,0.09489478,0.00000000,0.23723695,0.00000000,
logs\real_human\20260212_perf007_flow_20260212_tdnrfv_success.json,flow_20260212_tdnrfv,allow,0.04810089,0.00000000,0.12025223,0.00000000,
logs\real_human\20260212_perf007_flow_20260212_y1ox5o_success.json,flow_20260212_y1ox5o,allow,0.06862913,0.00000000,0.17157282,0.00000000,
logs\real_human\20260212_perf008_flow_20260212_roobxm_success.json,flow_20260212_roobxm,allow,0.03500096,0.00000000,0.08750240,0.00000000,
logs\real_human\20260212_perf008_flow_20260212_uhu525_success.json,flow_20260212_uhu525,allow,0.11698564,0.00000000,0.29246410,0.00000000,
logs\real_human\20260212_perf008_flow_20260212_x9theu_success.json,flow_20260212_x9theu,allow,0.08205026,0.00000000,0.20512566,0.00000000,
logs\real_human\20260212_perf008_flow_20260212_xhvrt0_success.json,flow_20260212_xhvrt0,allow,0.10328554,0.00000000,0.25821385,0.00000000,
logs\real_human\20260212_perf009_flow_20260212_3sqs3v_success.json,flow_20260212_3sqs3v,allow,0.02625332,0.00000000,0.06563331,0.00000000,
logs\real_human\20260212_perf009_flow_20260212_42vul5_success.json,flow_20260212_42vul5,allow,0.12399338,0.00000000,0.30998344,0.00000000,
logs\real_human\20260212_perf009_flow_20260212_acnmm6_success.json,flow_20260212_acnmm6,allow,0.09208701,0.00000000,0.23021752,0.00000000,
logs\real_human\20260212_perf009_flow_20260212_b507f1_success.json,flow_20260212_b507f1,allow,0.03853790,0.00000000,0.09634475,0.00000000,
logs\real_human\20260212_perf009_flow_20260212_fus3x0_success.json,flow_20260212_fus3x0,allow,0.01689394,0.00000000,0.04223486,0.00000000,
logs\real_human\20260212_perf009_flow_20260212_grfd2w_success.json,flow_20260212_grfd2w,allow,0.27687779,0.00000000,0.69219447,0.00000000,
logs\real_human\20260212_perf009_flow_20260212_px4ayx_success.json,flow_20260212_px4ayx,allow,0.04572327,0.00000000,0.11430818,0.00000000,
logs\real_human\20260212_perf009_flow_20260212_qr1s1q_success.json,flow_20260212_qr1s1q,allow,0.10071792,0.00000000,0.25179479,0.00000000,
logs\real_human\20260212_perf010_flow_20260212_cbrwgv_success.json,flow_20260212_cbrwgv,allow,0.10475704,0.00000000,0.26189261,0.00000000,
logs\real_human\20260212_perf010_flow_20260212_fvh9na_success.json,flow_20260212_fvh9na,allow,0.07704127,0.00000000,0.19260318,0.00000000,
logs\real_human\20260212_perf010_flow_20260212_yhr798_success.json,flow_20260212_yhr798,allow,0.04515765,0.00000000,0.11289413,0.00000000,
logs\real_human\20260212_perf011_flow_20260212_1a8sfw_success.json,flow_20260212_1a8sfw,allow,0.15530304,0.00000000,0.38825760,0.00000000,
logs\real_human\20260212_perf011_flow_20260212_4l4qb6_success.json,flow_20260212_4l4qb6,allow,0.03681084,0.00000000,0.09202709,0.00000000,
logs\real_human\20260212_perf011_flow_20260212_flbykp_success.json,flow_20260212_flbykp,allow,0.18903566,0.00000000,0.47258914,0.00000000,
logs\real_human\20260212_perf012_flow_20260212_64hobl_success.json,flow_20260212_64hobl,allow,0.02614984,0.00000000,0.06537459,0.00000000,
logs\real_human\20260212_perf012_flow_20260212_crylp1_success.json,flow_20260212_crylp1,allow,0.16185070,0.00000000,0.40462675,0.00000000,
logs\real_human\20260212_perf012_flow_20260212_q8d0g5_success.json,flow_20260212_q8d0g5,allow,0.06080991,0.00000000,0.15202477,0.00000000,
logs\real_human\20260212_perf012_flow_20260212_tdws78_success.json,flow_20260212_tdws78,allow,0.13673951,0.00000000,0.34184876,0.00000000,
logs\real_human\20260212_perf012_flow_20260212_u0qjvv_success.json,flow_20260212_u0qjvv,allow,0.05281242,0.00000000,0.13203104,0.00000000,
logs\real_human\20260212_perf012_flow_20260212_ujnvz5_success.json,flow_20260212_ujnvz5,allow,0.08679882,0.00000000,0.21699705,0.00000000,
logs\real_human\20260212_perf013_flow_20260212_7vr8eg_success.json,flow_20260212_7vr8eg,allow,0.10925670,0.00000000,0.27314174,0.00000000,
logs\real_human\20260212_perf013_flow_20260212_ef2glo_success.json,flow_20260212_ef2glo,allow,0.12887040,0.00000000,0.32217600,0.00000000,
logs\real_human\20260212_perf013_flow_20260212_rmknx8_success.json,flow_20260212_rmknx8,allow,0.12372313,0.00000000,0.30930782,0.00000000,
logs\real_human\20260212_perf014_flow_20260212_bxpyed_success.json,flow_20260212_bxpyed,allow,0.04239905,0.00000000,0.10599763,0.00000000,
logs\real_human\20260212_perf014_flow_20260212_hyujnm_success.json,flow_20260212_hyujnm,allow,0.11190915,0.00000000,0.27977289,0.00000000,
logs\real_human\20260212_perf014_flow_20260212_ib8eq3_success.json,flow_20260212_ib8eq3,allow,0.12277641,0.00000000,0.30694102,0.00000000,
logs\real_human\20260212_perf014_flow_20260212_iwlxdo_success.json,flow_20260212_iwlxdo,allow,0.13244180,0.00000000,0.33110449,0.00000000,
logs\real_human\20260212_perf014_flow_20260212_nslon4_success.json,flow_20260212_nslon4,allow,0.10829867,0.00000000,0.27074667,0.00000000,
logs\real_human\20260212_perf015_flow_20260212_4xh5qb_success.json,flow_20260212_4xh5qb,allow,0.10050797,0.00000000,0.25126992,0.00000000,
logs\real_human\20260212_perf015_flow_20260212_e0zw4g_success.json,flow_20260212_e0zw4g,allow,0.04425946,0.00000000,0.11064865,0.00000000,
logs\real_human\20260212_perf015_flow_20260212_wp13pk_success.json,flow_20260212_wp13pk,allow,0.05392478,0.00000000,0.13481195,0.00000000,
logs\real_human\20260213_perf001_flow_20260213_d0jv2n_success.json,flow_20260213_d0jv2n,allow,0.18615116,0.00000000,0.46537791,0.00000000,
